channel_id,video_id,channel_name,duration(sec),domain,link
UCAx_EDlVRmRmo-MsmZi942A,dzfs4tl5kjo,Bangla AudioBook,2549,Audio-book,https://www.youtube.com/watch?v=dzfs4tl5kjo
UCAx_EDlVRmRmo-MsmZi942A,2bMPK92z5Mw,Bangla AudioBook,1751,Audio-book,https://www.youtube.com/watch?v=2bMPK92z5Mw
UCAx_EDlVRmRmo-MsmZi942A,vYCZ60BYtBY,Bangla AudioBook,1296,Audio-book,https://www.youtube.com/watch?v=vYCZ60BYtBY
UCAx_EDlVRmRmo-MsmZi942A,wCGyrR2Yyyk,Bangla AudioBook,1582,Audio-book,https://www.youtube.com/watch?v=wCGyrR2Yyyk
UCAx_EDlVRmRmo-MsmZi942A,77jtedpVH8M,Bangla AudioBook,1543,Audio-book,https://www.youtube.com/watch?v=77jtedpVH8M
UCAx_EDlVRmRmo-MsmZi942A,ZoFkuDco3HQ,Bangla AudioBook,1323,Audio-book,https://www.youtube.com/watch?v=ZoFkuDco3HQ
UCAx_EDlVRmRmo-MsmZi942A,ZzUph3AcyIY,Bangla AudioBook,1470,Audio-book,https://www.youtube.com/watch?v=ZzUph3AcyIY
UCAx_EDlVRmRmo-MsmZi942A,tpGyNNFX6Zs,Bangla AudioBook,1250,Audio-book,https://www.youtube.com/watch?v=tpGyNNFX6Zs
UCAx_EDlVRmRmo-MsmZi942A,dKbe2UXPYfE,Bangla AudioBook,1943,Audio-book,https://www.youtube.com/watch?v=dKbe2UXPYfE
UCqknG5l7mcW5y_6VR9V2Vig,m7LdXVHq9Nw,Audio Book Bangla,1592,Audio-book,https://www.youtube.com/watch?v=m7LdXVHq9Nw
UCqknG5l7mcW5y_6VR9V2Vig,UIEyyJvprnw,Audio Book Bangla,1618,Audio-book,https://www.youtube.com/watch?v=UIEyyJvprnw
UCJJYxWhu77PG_o7nbU_2tXQ,LBMs45PJFeA,Audio Book Bangla by Faheem,2569,Audio-book,https://www.youtube.com/watch?v=LBMs45PJFeA
UCJJYxWhu77PG_o7nbU_2tXQ,z0Wz-Yylj84,Audio Book Bangla by Faheem,2806,Audio-book,https://www.youtube.com/watch?v=z0Wz-Yylj84
UCJJYxWhu77PG_o7nbU_2tXQ,S2InZ4puXww,Audio Book Bangla by Faheem,1982,Audio-book,https://www.youtube.com/watch?v=S2InZ4puXww
UCJJYxWhu77PG_o7nbU_2tXQ,zforBq1kFxg,Audio Book Bangla by Faheem,2600,Audio-book,https://www.youtube.com/watch?v=zforBq1kFxg
UCJJYxWhu77PG_o7nbU_2tXQ,Q3I0DHffHvo,Audio Book Bangla by Faheem,2958,Audio-book,https://www.youtube.com/watch?v=Q3I0DHffHvo
UCJJYxWhu77PG_o7nbU_2tXQ,ztal_wYKQqs,Audio Book Bangla by Faheem,4699,Audio-book,https://www.youtube.com/watch?v=ztal_wYKQqs
UCJJYxWhu77PG_o7nbU_2tXQ,X1ssUa0KqjQ,Audio Book Bangla by Faheem,1390,Audio-book,https://www.youtube.com/watch?v=X1ssUa0KqjQ
UCJJYxWhu77PG_o7nbU_2tXQ,jeFATznVtiQ,Audio Book Bangla by Faheem,2660,Audio-book,https://www.youtube.com/watch?v=jeFATznVtiQ
UCJJYxWhu77PG_o7nbU_2tXQ,ohjgwHxg1Jk,Audio Book Bangla by Faheem,1355,Audio-book,https://www.youtube.com/watch?v=ohjgwHxg1Jk
UCJJYxWhu77PG_o7nbU_2tXQ,U76kvl6VI_8,Audio Book Bangla by Faheem,1826,Audio-book,https://www.youtube.com/watch?v=U76kvl6VI_8
UCJJYxWhu77PG_o7nbU_2tXQ,WpmdNPMp2kk,Audio Book Bangla by Faheem,1232,Audio-book,https://www.youtube.com/watch?v=WpmdNPMp2kk
UCJJYxWhu77PG_o7nbU_2tXQ,WjyW5SD31IU,Audio Book Bangla by Faheem,2101,Audio-book,https://www.youtube.com/watch?v=WjyW5SD31IU
UCJJYxWhu77PG_o7nbU_2tXQ,ev-sU0ylJhg,Audio Book Bangla by Faheem,1802,Audio-book,https://www.youtube.com/watch?v=ev-sU0ylJhg
UCJJYxWhu77PG_o7nbU_2tXQ,IXh7dgkicWc,Audio Book Bangla by Faheem,2242,Audio-book,https://www.youtube.com/watch?v=IXh7dgkicWc
UCJJYxWhu77PG_o7nbU_2tXQ,LOBsAyuAOF8,Audio Book Bangla by Faheem,6657,Audio-book,https://www.youtube.com/watch?v=LOBsAyuAOF8
UCJJYxWhu77PG_o7nbU_2tXQ,0Vqh7tdFS-M,Audio Book Bangla by Faheem,2969,Audio-book,https://www.youtube.com/watch?v=0Vqh7tdFS-M
UCJJYxWhu77PG_o7nbU_2tXQ,1-nqN7TJ2mo,Audio Book Bangla by Faheem,4712,Audio-book,https://www.youtube.com/watch?v=1-nqN7TJ2mo
UCJJYxWhu77PG_o7nbU_2tXQ,zcbQr6kCVfg,Audio Book Bangla by Faheem,3379,Audio-book,https://www.youtube.com/watch?v=zcbQr6kCVfg
UCJJYxWhu77PG_o7nbU_2tXQ,QiJxBWIm49g,Audio Book Bangla by Faheem,5619,Audio-book,https://www.youtube.com/watch?v=QiJxBWIm49g
UCJJYxWhu77PG_o7nbU_2tXQ,iZNl2ixNvOE,Audio Book Bangla by Faheem,6929,Audio-book,https://www.youtube.com/watch?v=iZNl2ixNvOE
UCJJYxWhu77PG_o7nbU_2tXQ,HXGU8G56jT8,Audio Book Bangla by Faheem,2365,Audio-book,https://www.youtube.com/watch?v=HXGU8G56jT8
UCJJYxWhu77PG_o7nbU_2tXQ,-0cgSGY6xfU,Audio Book Bangla by Faheem,1627,Audio-book,https://www.youtube.com/watch?v=-0cgSGY6xfU
UCJJYxWhu77PG_o7nbU_2tXQ,alQa501EflA,Audio Book Bangla by Faheem,5373,Audio-book,https://www.youtube.com/watch?v=alQa501EflA
UCJJYxWhu77PG_o7nbU_2tXQ,24CH5uwPCdY,Audio Book Bangla by Faheem,2569,Audio-book,https://www.youtube.com/watch?v=24CH5uwPCdY
UCJJYxWhu77PG_o7nbU_2tXQ,X9gUHYi0Suw,Audio Book Bangla by Faheem,1653,Audio-book,https://www.youtube.com/watch?v=X9gUHYi0Suw
UCJJYxWhu77PG_o7nbU_2tXQ,Se147iFUm44,Audio Book Bangla by Faheem,2616,Audio-book,https://www.youtube.com/watch?v=Se147iFUm44
UCJJYxWhu77PG_o7nbU_2tXQ,9YXUMbmp8TA,Audio Book Bangla by Faheem,7093,Audio-book,https://www.youtube.com/watch?v=9YXUMbmp8TA
UCJJYxWhu77PG_o7nbU_2tXQ,UCiECjMjqQQ,Audio Book Bangla by Faheem,1301,Audio-book,https://www.youtube.com/watch?v=UCiECjMjqQQ
UCJJYxWhu77PG_o7nbU_2tXQ,ruE3nzDCRa0,Audio Book Bangla by Faheem,6379,Audio-book,https://www.youtube.com/watch?v=ruE3nzDCRa0
UCJJYxWhu77PG_o7nbU_2tXQ,SCQCWSBJaQI,Audio Book Bangla by Faheem,6041,Audio-book,https://www.youtube.com/watch?v=SCQCWSBJaQI
UCJJYxWhu77PG_o7nbU_2tXQ,PBGKyMk3RuQ,Audio Book Bangla by Faheem,2287,Audio-book,https://www.youtube.com/watch?v=PBGKyMk3RuQ
UCJJYxWhu77PG_o7nbU_2tXQ,SUdRzupVvd4,Audio Book Bangla by Faheem,1443,Audio-book,https://www.youtube.com/watch?v=SUdRzupVvd4
UCJJYxWhu77PG_o7nbU_2tXQ,KzM1Rpjsd9U,Audio Book Bangla by Faheem,1582,Audio-book,https://www.youtube.com/watch?v=KzM1Rpjsd9U
UCJJYxWhu77PG_o7nbU_2tXQ,Wjp9QqprYEg,Audio Book Bangla by Faheem,2425,Audio-book,https://www.youtube.com/watch?v=Wjp9QqprYEg
UCJJYxWhu77PG_o7nbU_2tXQ,J6hsuvFhIbU,Audio Book Bangla by Faheem,1994,Audio-book,https://www.youtube.com/watch?v=J6hsuvFhIbU
UCJJYxWhu77PG_o7nbU_2tXQ,waAxa4gwHxc,Audio Book Bangla by Faheem,1274,Audio-book,https://www.youtube.com/watch?v=waAxa4gwHxc
UCJJYxWhu77PG_o7nbU_2tXQ,IYrpaKks0qQ,Audio Book Bangla by Faheem,3131,Audio-book,https://www.youtube.com/watch?v=IYrpaKks0qQ
UCJJYxWhu77PG_o7nbU_2tXQ,coHjahIXWso,Audio Book Bangla by Faheem,1887,Audio-book,https://www.youtube.com/watch?v=coHjahIXWso
UCJJYxWhu77PG_o7nbU_2tXQ,kz2jzFW4Rrc,Audio Book Bangla by Faheem,1273,Audio-book,https://www.youtube.com/watch?v=kz2jzFW4Rrc
UCJJYxWhu77PG_o7nbU_2tXQ,lB8gMJ3xtjE,Audio Book Bangla by Faheem,6344,Audio-book,https://www.youtube.com/watch?v=lB8gMJ3xtjE
UCJJYxWhu77PG_o7nbU_2tXQ,Vms_Yw4jens,Audio Book Bangla by Faheem,2056,Audio-book,https://www.youtube.com/watch?v=Vms_Yw4jens
UCJJYxWhu77PG_o7nbU_2tXQ,1QAYvRDeQOc,Audio Book Bangla by Faheem,1253,Audio-book,https://www.youtube.com/watch?v=1QAYvRDeQOc
UCJJYxWhu77PG_o7nbU_2tXQ,iEHXMw7zKls,Audio Book Bangla by Faheem,2202,Audio-book,https://www.youtube.com/watch?v=iEHXMw7zKls
UCJJYxWhu77PG_o7nbU_2tXQ,OmjbPTIeXfQ,Audio Book Bangla by Faheem,1778,Audio-book,https://www.youtube.com/watch?v=OmjbPTIeXfQ
UCDSr1O03HqPGQmQpukxeCPw,Vpf3r9sFnr8,Bangla Audiobook,1551,Audio-book,https://www.youtube.com/watch?v=Vpf3r9sFnr8
UCDSr1O03HqPGQmQpukxeCPw,cwIQ3BhGBxw,Bangla Audiobook,1335,Audio-book,https://www.youtube.com/watch?v=cwIQ3BhGBxw
UCDSr1O03HqPGQmQpukxeCPw,6oosrsfiLJE,Bangla Audiobook,1369,Audio-book,https://www.youtube.com/watch?v=6oosrsfiLJE
UCDSr1O03HqPGQmQpukxeCPw,mT6aEHPU9-g,Bangla Audiobook,1551,Audio-book,https://www.youtube.com/watch?v=mT6aEHPU9-g
UCDSr1O03HqPGQmQpukxeCPw,9BlUl19a4Qw,Bangla Audiobook,1569,Audio-book,https://www.youtube.com/watch?v=9BlUl19a4Qw
UCDSr1O03HqPGQmQpukxeCPw,iONevl7KV88,Bangla Audiobook,1356,Audio-book,https://www.youtube.com/watch?v=iONevl7KV88
UCDSr1O03HqPGQmQpukxeCPw,4RijGn_908I,Bangla Audiobook,1999,Audio-book,https://www.youtube.com/watch?v=4RijGn_908I
UCDSr1O03HqPGQmQpukxeCPw,zDh3b3Xglxc,Bangla Audiobook,1289,Audio-book,https://www.youtube.com/watch?v=zDh3b3Xglxc
UCDSr1O03HqPGQmQpukxeCPw,0pKwwsE6T8M,Bangla Audiobook,1332,Audio-book,https://www.youtube.com/watch?v=0pKwwsE6T8M
UCDSr1O03HqPGQmQpukxeCPw,UI3L7BAhBck,Bangla Audiobook,1263,Audio-book,https://www.youtube.com/watch?v=UI3L7BAhBck
UCDSr1O03HqPGQmQpukxeCPw,2A0Csro7Ws8,Bangla Audiobook,1283,Audio-book,https://www.youtube.com/watch?v=2A0Csro7Ws8
UCKkco3ii64aHLMb8JilZP5g,8ZB_y5VX9_A,Golpo Toru । গল্প তরু,1639,Audio-book,https://www.youtube.com/watch?v=8ZB_y5VX9_A
UCKkco3ii64aHLMb8JilZP5g,FyxICEnqEtk,Golpo Toru । গল্প তরু,2269,Audio-book,https://www.youtube.com/watch?v=FyxICEnqEtk
UCKkco3ii64aHLMb8JilZP5g,OpGere8X54k,Golpo Toru । গল্প তরু,2543,Audio-book,https://www.youtube.com/watch?v=OpGere8X54k
UCKkco3ii64aHLMb8JilZP5g,v4XKBkf4rzE,Golpo Toru । গল্প তরু,2610,Audio-book,https://www.youtube.com/watch?v=v4XKBkf4rzE
UCKkco3ii64aHLMb8JilZP5g,vgTKCuWcM84,Golpo Toru । গল্প তরু,3059,Audio-book,https://www.youtube.com/watch?v=vgTKCuWcM84
UCKkco3ii64aHLMb8JilZP5g,QZH0cjdqjC8,Golpo Toru । গল্প তরু,2475,Audio-book,https://www.youtube.com/watch?v=QZH0cjdqjC8
UCKkco3ii64aHLMb8JilZP5g,-0SgCHCvVg4,Golpo Toru । গল্প তরু,2446,Audio-book,https://www.youtube.com/watch?v=-0SgCHCvVg4
UCKkco3ii64aHLMb8JilZP5g,Lq6oV6PiTZo,Golpo Toru । গল্প তরু,2026,Audio-book,https://www.youtube.com/watch?v=Lq6oV6PiTZo
UCKkco3ii64aHLMb8JilZP5g,gKkNfJklC9c,Golpo Toru । গল্প তরু,3145,Audio-book,https://www.youtube.com/watch?v=gKkNfJklC9c
UCKkco3ii64aHLMb8JilZP5g,DsK8o-g_ElE,Golpo Toru । গল্প তরু,3106,Audio-book,https://www.youtube.com/watch?v=DsK8o-g_ElE
UCKkco3ii64aHLMb8JilZP5g,8DCnf6w5sj4,Golpo Toru । গল্প তরু,2819,Audio-book,https://www.youtube.com/watch?v=8DCnf6w5sj4
UCKkco3ii64aHLMb8JilZP5g,ktqYab82_tM,Golpo Toru । গল্প তরু,2041,Audio-book,https://www.youtube.com/watch?v=ktqYab82_tM
UCKkco3ii64aHLMb8JilZP5g,6QXupezqnfY,Golpo Toru । গল্প তরু,2660,Audio-book,https://www.youtube.com/watch?v=6QXupezqnfY
UCKkco3ii64aHLMb8JilZP5g,EtiJ29x8BAg,Golpo Toru । গল্প তরু,1431,Audio-book,https://www.youtube.com/watch?v=EtiJ29x8BAg
UCKkco3ii64aHLMb8JilZP5g,FiVBeqohPrE,Golpo Toru । গল্প তরু,1233,Audio-book,https://www.youtube.com/watch?v=FiVBeqohPrE
UCKkco3ii64aHLMb8JilZP5g,ZSjgZ5_e13w,Golpo Toru । গল্প তরু,2453,Audio-book,https://www.youtube.com/watch?v=ZSjgZ5_e13w
UCKkco3ii64aHLMb8JilZP5g,5HDZXcr-oro,Golpo Toru । গল্প তরু,2714,Audio-book,https://www.youtube.com/watch?v=5HDZXcr-oro
UCKkco3ii64aHLMb8JilZP5g,iLGhAkQRiUs,Golpo Toru । গল্প তরু,3256,Audio-book,https://www.youtube.com/watch?v=iLGhAkQRiUs
UCKkco3ii64aHLMb8JilZP5g,qGFCC_viQjk,Golpo Toru । গল্প তরু,2859,Audio-book,https://www.youtube.com/watch?v=qGFCC_viQjk
UCKkco3ii64aHLMb8JilZP5g,HZ2AT8M48ss,Golpo Toru । গল্প তরু,2746,Audio-book,https://www.youtube.com/watch?v=HZ2AT8M48ss
UCKkco3ii64aHLMb8JilZP5g,lDkl0fqrY58,Golpo Toru । গল্প তরু,3080,Audio-book,https://www.youtube.com/watch?v=lDkl0fqrY58
UCKkco3ii64aHLMb8JilZP5g,HYBUQGeQxfI,Golpo Toru । গল্প তরু,2859,Audio-book,https://www.youtube.com/watch?v=HYBUQGeQxfI
UCKkco3ii64aHLMb8JilZP5g,u4PSOplss1U,Golpo Toru । গল্প তরু,2551,Audio-book,https://www.youtube.com/watch?v=u4PSOplss1U
UCKkco3ii64aHLMb8JilZP5g,m4ttj3sWXBc,Golpo Toru । গল্প তরু,3441,Audio-book,https://www.youtube.com/watch?v=m4ttj3sWXBc
UCKkco3ii64aHLMb8JilZP5g,zgrhGdaQtG0,Golpo Toru । গল্প তরু,2442,Audio-book,https://www.youtube.com/watch?v=zgrhGdaQtG0
UCKkco3ii64aHLMb8JilZP5g,CzNineSSiV8,Golpo Toru । গল্প তরু,2966,Audio-book,https://www.youtube.com/watch?v=CzNineSSiV8
UCKkco3ii64aHLMb8JilZP5g,Vj-mnHhQkUY,Golpo Toru । গল্প তরু,2876,Audio-book,https://www.youtube.com/watch?v=Vj-mnHhQkUY
UCKkco3ii64aHLMb8JilZP5g,p_Qb0LD2Pqs,Golpo Toru । গল্প তরু,1868,Audio-book,https://www.youtube.com/watch?v=p_Qb0LD2Pqs
UCKkco3ii64aHLMb8JilZP5g,mciEryGvUjg,Golpo Toru । গল্প তরু,2938,Audio-book,https://www.youtube.com/watch?v=mciEryGvUjg
UCKkco3ii64aHLMb8JilZP5g,8CpEZ5aT3rY,Golpo Toru । গল্প তরু,3865,Audio-book,https://www.youtube.com/watch?v=8CpEZ5aT3rY
UCKkco3ii64aHLMb8JilZP5g,DLq_3DK9E7s,Golpo Toru । গল্প তরু,2955,Audio-book,https://www.youtube.com/watch?v=DLq_3DK9E7s
UCKkco3ii64aHLMb8JilZP5g,-_sf2PvTrS8,Golpo Toru । গল্প তরু,2494,Audio-book,https://www.youtube.com/watch?v=-_sf2PvTrS8
UCKkco3ii64aHLMb8JilZP5g,Yj0nmOoLXTY,Golpo Toru । গল্প তরু,3108,Audio-book,https://www.youtube.com/watch?v=Yj0nmOoLXTY
UCKkco3ii64aHLMb8JilZP5g,Y4i5ehumFQY,Golpo Toru । গল্প তরু,3561,Audio-book,https://www.youtube.com/watch?v=Y4i5ehumFQY
UCKkco3ii64aHLMb8JilZP5g,Ada8BhAvd0I,Golpo Toru । গল্প তরু,2523,Audio-book,https://www.youtube.com/watch?v=Ada8BhAvd0I
UCKkco3ii64aHLMb8JilZP5g,MDezbEwOqk4,Golpo Toru । গল্প তরু,2288,Audio-book,https://www.youtube.com/watch?v=MDezbEwOqk4
UCKkco3ii64aHLMb8JilZP5g,d-4kCXNUuo8,Golpo Toru । গল্প তরু,2905,Audio-book,https://www.youtube.com/watch?v=d-4kCXNUuo8
UCKkco3ii64aHLMb8JilZP5g,0IXOvvLt9r0,Golpo Toru । গল্প তরু,2906,Audio-book,https://www.youtube.com/watch?v=0IXOvvLt9r0
UCKkco3ii64aHLMb8JilZP5g,50z2ey3j1Kg,Golpo Toru । গল্প তরু,2196,Audio-book,https://www.youtube.com/watch?v=50z2ey3j1Kg
UCKkco3ii64aHLMb8JilZP5g,8bJIeW4MOmk,Golpo Toru । গল্প তরু,5808,Audio-book,https://www.youtube.com/watch?v=8bJIeW4MOmk
UCKkco3ii64aHLMb8JilZP5g,XnrABNgVRmM,Golpo Toru । গল্প তরু,2781,Audio-book,https://www.youtube.com/watch?v=XnrABNgVRmM
UCKkco3ii64aHLMb8JilZP5g,GxYj8SKjiww,Golpo Toru । গল্প তরু,3401,Audio-book,https://www.youtube.com/watch?v=GxYj8SKjiww
UCKkco3ii64aHLMb8JilZP5g,Fs6NGzxHAGM,Golpo Toru । গল্প তরু,2425,Audio-book,https://www.youtube.com/watch?v=Fs6NGzxHAGM
UCKkco3ii64aHLMb8JilZP5g,bxtmPkqflho,Golpo Toru । গল্প তরু,2862,Audio-book,https://www.youtube.com/watch?v=bxtmPkqflho
UCKkco3ii64aHLMb8JilZP5g,LOcputTIs7I,Golpo Toru । গল্প তরু,3527,Audio-book,https://www.youtube.com/watch?v=LOcputTIs7I
UCKkco3ii64aHLMb8JilZP5g,ncFs3NDG4yA,Golpo Toru । গল্প তরু,2621,Audio-book,https://www.youtube.com/watch?v=ncFs3NDG4yA
UCKkco3ii64aHLMb8JilZP5g,7_6BbyZOQtw,Golpo Toru । গল্প তরু,3109,Audio-book,https://www.youtube.com/watch?v=7_6BbyZOQtw
UCKkco3ii64aHLMb8JilZP5g,bIVnRY6rKqs,Golpo Toru । গল্প তরু,2874,Audio-book,https://www.youtube.com/watch?v=bIVnRY6rKqs
UCKkco3ii64aHLMb8JilZP5g,osI5KfD7fNU,Golpo Toru । গল্প তরু,2675,Audio-book,https://www.youtube.com/watch?v=osI5KfD7fNU
UCKkco3ii64aHLMb8JilZP5g,luh-WgP7DsI,Golpo Toru । গল্প তরু,2571,Audio-book,https://www.youtube.com/watch?v=luh-WgP7DsI
UCKkco3ii64aHLMb8JilZP5g,yv_LUqJNGS8,Golpo Toru । গল্প তরু,3109,Audio-book,https://www.youtube.com/watch?v=yv_LUqJNGS8
UCKkco3ii64aHLMb8JilZP5g,gVdox6gB1uU,Golpo Toru । গল্প তরু,2573,Audio-book,https://www.youtube.com/watch?v=gVdox6gB1uU
UCKkco3ii64aHLMb8JilZP5g,nhN761EMggo,Golpo Toru । গল্প তরু,2560,Audio-book,https://www.youtube.com/watch?v=nhN761EMggo
UCKkco3ii64aHLMb8JilZP5g,B8vHsJtMCls,Golpo Toru । গল্প তরু,3387,Audio-book,https://www.youtube.com/watch?v=B8vHsJtMCls
UCKkco3ii64aHLMb8JilZP5g,aSxK23c-nLA,Golpo Toru । গল্প তরু,2477,Audio-book,https://www.youtube.com/watch?v=aSxK23c-nLA
UCKkco3ii64aHLMb8JilZP5g,Bw0UM1o3et4,Golpo Toru । গল্প তরু,2517,Audio-book,https://www.youtube.com/watch?v=Bw0UM1o3et4
UCKkco3ii64aHLMb8JilZP5g,pfzc6L18QLc,Golpo Toru । গল্প তরু,3430,Audio-book,https://www.youtube.com/watch?v=pfzc6L18QLc
UCKkco3ii64aHLMb8JilZP5g,XPog4PxFEHY,Golpo Toru । গল্প তরু,3985,Audio-book,https://www.youtube.com/watch?v=XPog4PxFEHY
UCKkco3ii64aHLMb8JilZP5g,VI9s2XGL6zE,Golpo Toru । গল্প তরু,3021,Audio-book,https://www.youtube.com/watch?v=VI9s2XGL6zE
UCKkco3ii64aHLMb8JilZP5g,IsIWyAG-p9A,Golpo Toru । গল্প তরু,3101,Audio-book,https://www.youtube.com/watch?v=IsIWyAG-p9A
UCKkco3ii64aHLMb8JilZP5g,NSlGdrblX70,Golpo Toru । গল্প তরু,2731,Audio-book,https://www.youtube.com/watch?v=NSlGdrblX70
UCKkco3ii64aHLMb8JilZP5g,TbQ6m5ov6Vk,Golpo Toru । গল্প তরু,2756,Audio-book,https://www.youtube.com/watch?v=TbQ6m5ov6Vk
UCKkco3ii64aHLMb8JilZP5g,r9Z2dkcY0Gs,Golpo Toru । গল্প তরু,2393,Audio-book,https://www.youtube.com/watch?v=r9Z2dkcY0Gs
UCgI26KNITusiGOFL6MLz_8Q,taYbwpi4xcg,Readers Books Club,4070,Audio-book,https://www.youtube.com/watch?v=taYbwpi4xcg
UCgI26KNITusiGOFL6MLz_8Q,I9zWqjlI2iM,Readers Books Club,4250,Audio-book,https://www.youtube.com/watch?v=I9zWqjlI2iM
UCgI26KNITusiGOFL6MLz_8Q,wZwaqx6rdJ4,Readers Books Club,1240,Audio-book,https://www.youtube.com/watch?v=wZwaqx6rdJ4
UCgI26KNITusiGOFL6MLz_8Q,hUplyKKBAjI,Readers Books Club,1263,Audio-book,https://www.youtube.com/watch?v=hUplyKKBAjI
UCgI26KNITusiGOFL6MLz_8Q,5-42CkgkwLk,Readers Books Club,1377,Audio-book,https://www.youtube.com/watch?v=5-42CkgkwLk
UCgI26KNITusiGOFL6MLz_8Q,u1p4o96Xzak,Readers Books Club,1488,Audio-book,https://www.youtube.com/watch?v=u1p4o96Xzak
UCgI26KNITusiGOFL6MLz_8Q,ppeKavZFKo4,Readers Books Club,6743,Audio-book,https://www.youtube.com/watch?v=ppeKavZFKo4
UCgI26KNITusiGOFL6MLz_8Q,vjsZ591Am-A,Readers Books Club,3926,Audio-book,https://www.youtube.com/watch?v=vjsZ591Am-A
UCgI26KNITusiGOFL6MLz_8Q,NilHLinKtl4,Readers Books Club,1602,Audio-book,https://www.youtube.com/watch?v=NilHLinKtl4
UCgI26KNITusiGOFL6MLz_8Q,9QBiaxaJIy8,Readers Books Club,1317,Audio-book,https://www.youtube.com/watch?v=9QBiaxaJIy8
UCgI26KNITusiGOFL6MLz_8Q,fjsL9g6GJb8,Readers Books Club,1323,Audio-book,https://www.youtube.com/watch?v=fjsL9g6GJb8
UCuaKfe_NyVViSRTx25VhkWQ,XJTlimPk3dw,Kabbik - Bangla Audiobook ,2724,Audio-book,https://www.youtube.com/watch?v=XJTlimPk3dw
UCuaKfe_NyVViSRTx25VhkWQ,3zT2vTRFtXI,Kabbik - Bangla Audiobook ,2025,Audio-book,https://www.youtube.com/watch?v=3zT2vTRFtXI
UCuaKfe_NyVViSRTx25VhkWQ,70xG35USajk,Kabbik - Bangla Audiobook ,4172,Audio-book,https://www.youtube.com/watch?v=70xG35USajk
UCuaKfe_NyVViSRTx25VhkWQ,YvOsm6uZzEc,Kabbik - Bangla Audiobook ,1362,Audio-book,https://www.youtube.com/watch?v=YvOsm6uZzEc
UCuaKfe_NyVViSRTx25VhkWQ,LHonGzutENg,Kabbik - Bangla Audiobook ,5142,Audio-book,https://www.youtube.com/watch?v=LHonGzutENg
UCuaKfe_NyVViSRTx25VhkWQ,slhp8WPW_aQ,Kabbik - Bangla Audiobook ,2739,Audio-book,https://www.youtube.com/watch?v=slhp8WPW_aQ
UCuaKfe_NyVViSRTx25VhkWQ,VZYA4M0h9cw,Kabbik - Bangla Audiobook ,2987,Audio-book,https://www.youtube.com/watch?v=VZYA4M0h9cw
UCuaKfe_NyVViSRTx25VhkWQ,u9maPdcUaDI,Kabbik - Bangla Audiobook ,2266,Audio-book,https://www.youtube.com/watch?v=u9maPdcUaDI
UCuaKfe_NyVViSRTx25VhkWQ,hJjHss2IPsU,Kabbik - Bangla Audiobook ,2614,Audio-book,https://www.youtube.com/watch?v=hJjHss2IPsU
UCuaKfe_NyVViSRTx25VhkWQ,honrieP3VYI,Kabbik - Bangla Audiobook ,1834,Audio-book,https://www.youtube.com/watch?v=honrieP3VYI
UCuaKfe_NyVViSRTx25VhkWQ,OZ3zaOngs_E,Kabbik - Bangla Audiobook ,3836,Audio-book,https://www.youtube.com/watch?v=OZ3zaOngs_E
UCuaKfe_NyVViSRTx25VhkWQ,PTnwuTdm7pM,Kabbik - Bangla Audiobook ,1429,Audio-book,https://www.youtube.com/watch?v=PTnwuTdm7pM
UCuaKfe_NyVViSRTx25VhkWQ,kxmyiVtPywU,Kabbik - Bangla Audiobook ,1300,Audio-book,https://www.youtube.com/watch?v=kxmyiVtPywU
UCuaKfe_NyVViSRTx25VhkWQ,v9Mn1RBwr9A,Kabbik - Bangla Audiobook ,1642,Audio-book,https://www.youtube.com/watch?v=v9Mn1RBwr9A
UCuaKfe_NyVViSRTx25VhkWQ,RDnab_2rBGo,Kabbik - Bangla Audiobook ,3623,Audio-book,https://www.youtube.com/watch?v=RDnab_2rBGo
UCuaKfe_NyVViSRTx25VhkWQ,rnbFhZ4YJz0,Kabbik - Bangla Audiobook ,1218,Audio-book,https://www.youtube.com/watch?v=rnbFhZ4YJz0
UCuaKfe_NyVViSRTx25VhkWQ,NJZV9z72hDc,Kabbik - Bangla Audiobook ,2491,Audio-book,https://www.youtube.com/watch?v=NJZV9z72hDc
UCuaKfe_NyVViSRTx25VhkWQ,upoYyIPSwJk,Kabbik - Bangla Audiobook ,2918,Audio-book,https://www.youtube.com/watch?v=upoYyIPSwJk
UCuaKfe_NyVViSRTx25VhkWQ,IvbYRZqT3zQ,Kabbik - Bangla Audiobook ,2590,Audio-book,https://www.youtube.com/watch?v=IvbYRZqT3zQ
UCuaKfe_NyVViSRTx25VhkWQ,qRc7myH2jKA,Kabbik - Bangla Audiobook ,1846,Audio-book,https://www.youtube.com/watch?v=qRc7myH2jKA
UCuaKfe_NyVViSRTx25VhkWQ,8aRlGsjtdbQ,Kabbik - Bangla Audiobook ,3765,Audio-book,https://www.youtube.com/watch?v=8aRlGsjtdbQ
UCuaKfe_NyVViSRTx25VhkWQ,dc8xA-AC-Os,Kabbik - Bangla Audiobook ,4069,Audio-book,https://www.youtube.com/watch?v=dc8xA-AC-Os
UCuaKfe_NyVViSRTx25VhkWQ,_l2eB2totuM,Kabbik - Bangla Audiobook ,1449,Audio-book,https://www.youtube.com/watch?v=_l2eB2totuM
UCuaKfe_NyVViSRTx25VhkWQ,WVLm65wh79U,Kabbik - Bangla Audiobook ,1804,Audio-book,https://www.youtube.com/watch?v=WVLm65wh79U
UCuaKfe_NyVViSRTx25VhkWQ,UhNvpid7bTI,Kabbik - Bangla Audiobook ,4584,Audio-book,https://www.youtube.com/watch?v=UhNvpid7bTI
UCuaKfe_NyVViSRTx25VhkWQ,qz_3dsRzApk,Kabbik - Bangla Audiobook ,2674,Audio-book,https://www.youtube.com/watch?v=qz_3dsRzApk
UCuaKfe_NyVViSRTx25VhkWQ,1iIhExofcxM,Kabbik - Bangla Audiobook ,2612,Audio-book,https://www.youtube.com/watch?v=1iIhExofcxM
UCuaKfe_NyVViSRTx25VhkWQ,y5zRqnVITWA,Kabbik - Bangla Audiobook ,3375,Audio-book,https://www.youtube.com/watch?v=y5zRqnVITWA
UCuaKfe_NyVViSRTx25VhkWQ,XYYyIk0XugE,Kabbik - Bangla Audiobook ,2893,Audio-book,https://www.youtube.com/watch?v=XYYyIk0XugE
UCuaKfe_NyVViSRTx25VhkWQ,pYr6-64Bp24,Kabbik - Bangla Audiobook ,2182,Audio-book,https://www.youtube.com/watch?v=pYr6-64Bp24
UCuaKfe_NyVViSRTx25VhkWQ,DWN8LkcJOV0,Kabbik - Bangla Audiobook ,2304,Audio-book,https://www.youtube.com/watch?v=DWN8LkcJOV0
UCuaKfe_NyVViSRTx25VhkWQ,OlO1S4-dSjs,Kabbik - Bangla Audiobook ,1817,Audio-book,https://www.youtube.com/watch?v=OlO1S4-dSjs
UCuaKfe_NyVViSRTx25VhkWQ,Et_PcvDgTWQ,Kabbik - Bangla Audiobook ,2891,Audio-book,https://www.youtube.com/watch?v=Et_PcvDgTWQ
UCuaKfe_NyVViSRTx25VhkWQ,A_vM7HR6ES0,Kabbik - Bangla Audiobook ,2445,Audio-book,https://www.youtube.com/watch?v=A_vM7HR6ES0
UCuaKfe_NyVViSRTx25VhkWQ,7aD5mR-k9go,Kabbik - Bangla Audiobook ,2351,Audio-book,https://www.youtube.com/watch?v=7aD5mR-k9go
UCuaKfe_NyVViSRTx25VhkWQ,rm_DOTqTJFY,Kabbik - Bangla Audiobook ,1538,Audio-book,https://www.youtube.com/watch?v=rm_DOTqTJFY
UCuaKfe_NyVViSRTx25VhkWQ,u86utuBKnyQ,Kabbik - Bangla Audiobook ,5396,Audio-book,https://www.youtube.com/watch?v=u86utuBKnyQ
UCuaKfe_NyVViSRTx25VhkWQ,2v-CCyIpbZw,Kabbik - Bangla Audiobook ,2894,Audio-book,https://www.youtube.com/watch?v=2v-CCyIpbZw
UCuaKfe_NyVViSRTx25VhkWQ,4ayi1t-yC3o,Kabbik - Bangla Audiobook ,3053,Audio-book,https://www.youtube.com/watch?v=4ayi1t-yC3o
UC5T7NU1C2GRViwJgwLOXk2g,bpuwUGoeftQ,Abhijit Story Zone,2411,Audio-book,https://www.youtube.com/watch?v=bpuwUGoeftQ
UC5T7NU1C2GRViwJgwLOXk2g,NtnwUX9AEro,Abhijit Story Zone,3196,Audio-book,https://www.youtube.com/watch?v=NtnwUX9AEro
UC5T7NU1C2GRViwJgwLOXk2g,cwHHXyr-v9M,Abhijit Story Zone,1801,Audio-book,https://www.youtube.com/watch?v=cwHHXyr-v9M
UC5T7NU1C2GRViwJgwLOXk2g,L6WNT3nRss4,Abhijit Story Zone,4971,Audio-book,https://www.youtube.com/watch?v=L6WNT3nRss4
UC5T7NU1C2GRViwJgwLOXk2g,P5QLVO82OI8,Abhijit Story Zone,3377,Audio-book,https://www.youtube.com/watch?v=P5QLVO82OI8
UC5T7NU1C2GRViwJgwLOXk2g,5EYND0RKuZ0,Abhijit Story Zone,2981,Audio-book,https://www.youtube.com/watch?v=5EYND0RKuZ0
UC5T7NU1C2GRViwJgwLOXk2g,4QoNO5KBdnU,Abhijit Story Zone,2454,Audio-book,https://www.youtube.com/watch?v=4QoNO5KBdnU
UC5T7NU1C2GRViwJgwLOXk2g,4o2y0oT2wAY,Abhijit Story Zone,2431,Audio-book,https://www.youtube.com/watch?v=4o2y0oT2wAY
UC5T7NU1C2GRViwJgwLOXk2g,9Jo9VhWQgYs,Abhijit Story Zone,2055,Audio-book,https://www.youtube.com/watch?v=9Jo9VhWQgYs
UC5T7NU1C2GRViwJgwLOXk2g,E7zwMWbmy0M,Abhijit Story Zone,3894,Audio-book,https://www.youtube.com/watch?v=E7zwMWbmy0M
UC5T7NU1C2GRViwJgwLOXk2g,L_a_Y4x6xTs,Abhijit Story Zone,3790,Audio-book,https://www.youtube.com/watch?v=L_a_Y4x6xTs
UC5T7NU1C2GRViwJgwLOXk2g,GdGHAutf_0s,Abhijit Story Zone,2297,Audio-book,https://www.youtube.com/watch?v=GdGHAutf_0s
UC5T7NU1C2GRViwJgwLOXk2g,1_Otb-O2Y9w,Abhijit Story Zone,3224,Audio-book,https://www.youtube.com/watch?v=1_Otb-O2Y9w
UC5T7NU1C2GRViwJgwLOXk2g,SYofmzMBnbc,Abhijit Story Zone,3268,Audio-book,https://www.youtube.com/watch?v=SYofmzMBnbc
UC5T7NU1C2GRViwJgwLOXk2g,gKZibEnxmhU,Abhijit Story Zone,5795,Audio-book,https://www.youtube.com/watch?v=gKZibEnxmhU
UC5T7NU1C2GRViwJgwLOXk2g,cctuyqLmlh4,Abhijit Story Zone,1277,Audio-book,https://www.youtube.com/watch?v=cctuyqLmlh4
UC5T7NU1C2GRViwJgwLOXk2g,XfivDlnXz_M,Abhijit Story Zone,1535,Audio-book,https://www.youtube.com/watch?v=XfivDlnXz_M
UC5T7NU1C2GRViwJgwLOXk2g,ryCItujoJkc,Abhijit Story Zone,1829,Audio-book,https://www.youtube.com/watch?v=ryCItujoJkc
UC5T7NU1C2GRViwJgwLOXk2g,6frDYHNqc0Q,Abhijit Story Zone,2216,Audio-book,https://www.youtube.com/watch?v=6frDYHNqc0Q
UC5T7NU1C2GRViwJgwLOXk2g,ZkDbpUfxRIM,Abhijit Story Zone,6495,Audio-book,https://www.youtube.com/watch?v=ZkDbpUfxRIM
UC5T7NU1C2GRViwJgwLOXk2g,D18oe3fZ3cY,Abhijit Story Zone,3271,Audio-book,https://www.youtube.com/watch?v=D18oe3fZ3cY
UC5T7NU1C2GRViwJgwLOXk2g,5YJ8YHzETxs,Abhijit Story Zone,2401,Audio-book,https://www.youtube.com/watch?v=5YJ8YHzETxs
UC5T7NU1C2GRViwJgwLOXk2g,8eyEFbhRgPU,Abhijit Story Zone,5334,Audio-book,https://www.youtube.com/watch?v=8eyEFbhRgPU
UC5T7NU1C2GRViwJgwLOXk2g,svPVqobOtNw,Abhijit Story Zone,5011,Audio-book,https://www.youtube.com/watch?v=svPVqobOtNw
UC5T7NU1C2GRViwJgwLOXk2g,yG1QUSuuThM,Abhijit Story Zone,3343,Audio-book,https://www.youtube.com/watch?v=yG1QUSuuThM
UC5T7NU1C2GRViwJgwLOXk2g,OcvEMgAlgbA,Abhijit Story Zone,4341,Audio-book,https://www.youtube.com/watch?v=OcvEMgAlgbA
UC5T7NU1C2GRViwJgwLOXk2g,OLqmfQg5NN4,Abhijit Story Zone,4865,Audio-book,https://www.youtube.com/watch?v=OLqmfQg5NN4
UC5T7NU1C2GRViwJgwLOXk2g,N0Btt9HAIcA,Abhijit Story Zone,3363,Audio-book,https://www.youtube.com/watch?v=N0Btt9HAIcA
UC5T7NU1C2GRViwJgwLOXk2g,iNtEPQ0pVTM,Abhijit Story Zone,2511,Audio-book,https://www.youtube.com/watch?v=iNtEPQ0pVTM
UC5T7NU1C2GRViwJgwLOXk2g,uSG_3FfBDi8,Abhijit Story Zone,2559,Audio-book,https://www.youtube.com/watch?v=uSG_3FfBDi8
UC5T7NU1C2GRViwJgwLOXk2g,oiKpJFKHwUI,Abhijit Story Zone,2499,Audio-book,https://www.youtube.com/watch?v=oiKpJFKHwUI
UC5T7NU1C2GRViwJgwLOXk2g,gLn24AJBx8k,Abhijit Story Zone,3848,Audio-book,https://www.youtube.com/watch?v=gLn24AJBx8k
UC5T7NU1C2GRViwJgwLOXk2g,QiaDv1LfG2w,Abhijit Story Zone,5059,Audio-book,https://www.youtube.com/watch?v=QiaDv1LfG2w
UC5T7NU1C2GRViwJgwLOXk2g,1IcgfLGYAa0,Abhijit Story Zone,3121,Audio-book,https://www.youtube.com/watch?v=1IcgfLGYAa0
UC5T7NU1C2GRViwJgwLOXk2g,avIm-6eY9FU,Abhijit Story Zone,1454,Audio-book,https://www.youtube.com/watch?v=avIm-6eY9FU
UC5T7NU1C2GRViwJgwLOXk2g,Ny-itMPCa0g,Abhijit Story Zone,3219,Audio-book,https://www.youtube.com/watch?v=Ny-itMPCa0g
UC5T7NU1C2GRViwJgwLOXk2g,nAvtU0kQBnw,Abhijit Story Zone,4126,Audio-book,https://www.youtube.com/watch?v=nAvtU0kQBnw
UC5T7NU1C2GRViwJgwLOXk2g,ePiqO00KALY,Abhijit Story Zone,6343,Audio-book,https://www.youtube.com/watch?v=ePiqO00KALY
UC5T7NU1C2GRViwJgwLOXk2g,4DtfwQBMIKQ,Abhijit Story Zone,5011,Audio-book,https://www.youtube.com/watch?v=4DtfwQBMIKQ
UC5T7NU1C2GRViwJgwLOXk2g,1B1qTOZn1kw,Abhijit Story Zone,4948,Audio-book,https://www.youtube.com/watch?v=1B1qTOZn1kw
UC5T7NU1C2GRViwJgwLOXk2g,eqJRSkk_UqA,Abhijit Story Zone,5994,Audio-book,https://www.youtube.com/watch?v=eqJRSkk_UqA
UC5T7NU1C2GRViwJgwLOXk2g,NwJVdWB7w9I,Abhijit Story Zone,2982,Audio-book,https://www.youtube.com/watch?v=NwJVdWB7w9I
UC5T7NU1C2GRViwJgwLOXk2g,VcCYsu2m-ZI,Abhijit Story Zone,1437,Audio-book,https://www.youtube.com/watch?v=VcCYsu2m-ZI
UC5T7NU1C2GRViwJgwLOXk2g,iQTqvQB74O4,Abhijit Story Zone,2733,Audio-book,https://www.youtube.com/watch?v=iQTqvQB74O4
UC5T7NU1C2GRViwJgwLOXk2g,0MLENS5OYcA,Abhijit Story Zone,4716,Audio-book,https://www.youtube.com/watch?v=0MLENS5OYcA
UC5T7NU1C2GRViwJgwLOXk2g,TMe-wVQdfmI,Abhijit Story Zone,3252,Audio-book,https://www.youtube.com/watch?v=TMe-wVQdfmI
UC5T7NU1C2GRViwJgwLOXk2g,Afd0GobMMXc,Abhijit Story Zone,4792,Audio-book,https://www.youtube.com/watch?v=Afd0GobMMXc
UC5T7NU1C2GRViwJgwLOXk2g,n0BV2ld0wys,Abhijit Story Zone,2062,Audio-book,https://www.youtube.com/watch?v=n0BV2ld0wys
UC5T7NU1C2GRViwJgwLOXk2g,qA3J_Xgbr1Y,Abhijit Story Zone,4690,Audio-book,https://www.youtube.com/watch?v=qA3J_Xgbr1Y
UC5T7NU1C2GRViwJgwLOXk2g,p0Hf8bANqLU,Abhijit Story Zone,2620,Audio-book,https://www.youtube.com/watch?v=p0Hf8bANqLU
UC5T7NU1C2GRViwJgwLOXk2g,s0b8BNqUcIQ,Abhijit Story Zone,5116,Audio-book,https://www.youtube.com/watch?v=s0b8BNqUcIQ
UC5T7NU1C2GRViwJgwLOXk2g,qwCbd1wpVP8,Abhijit Story Zone,4139,Audio-book,https://www.youtube.com/watch?v=qwCbd1wpVP8
UC5T7NU1C2GRViwJgwLOXk2g,P_NOe61HFuk,Abhijit Story Zone,3261,Audio-book,https://www.youtube.com/watch?v=P_NOe61HFuk
UC5T7NU1C2GRViwJgwLOXk2g,EDkR6PvPRW0,Abhijit Story Zone,5466,Audio-book,https://www.youtube.com/watch?v=EDkR6PvPRW0
UC5T7NU1C2GRViwJgwLOXk2g,ZvQiEaguIRs,Abhijit Story Zone,3417,Audio-book,https://www.youtube.com/watch?v=ZvQiEaguIRs
UC5T7NU1C2GRViwJgwLOXk2g,lCIOIVA4t-E,Abhijit Story Zone,4066,Audio-book,https://www.youtube.com/watch?v=lCIOIVA4t-E
UC5T7NU1C2GRViwJgwLOXk2g,NSP8OYnm1Q4,Abhijit Story Zone,1413,Audio-book,https://www.youtube.com/watch?v=NSP8OYnm1Q4
UC5T7NU1C2GRViwJgwLOXk2g,HNGw4Xhs3Sw,Abhijit Story Zone,2523,Audio-book,https://www.youtube.com/watch?v=HNGw4Xhs3Sw
UC5T7NU1C2GRViwJgwLOXk2g,yhOvPcPCf5M,Abhijit Story Zone,3662,Audio-book,https://www.youtube.com/watch?v=yhOvPcPCf5M
UC5T7NU1C2GRViwJgwLOXk2g,nXShmJpIJI4,Abhijit Story Zone,6296,Audio-book,https://www.youtube.com/watch?v=nXShmJpIJI4
UC5T7NU1C2GRViwJgwLOXk2g,q5XBsJotGOU,Abhijit Story Zone,1674,Audio-book,https://www.youtube.com/watch?v=q5XBsJotGOU
UC5T7NU1C2GRViwJgwLOXk2g,mb1htWWVM5g,Abhijit Story Zone,3063,Audio-book,https://www.youtube.com/watch?v=mb1htWWVM5g
UC5T7NU1C2GRViwJgwLOXk2g,PFpmT5w3GM4,Abhijit Story Zone,4471,Audio-book,https://www.youtube.com/watch?v=PFpmT5w3GM4
UC5T7NU1C2GRViwJgwLOXk2g,q73DtFg8UR4,Abhijit Story Zone,6891,Audio-book,https://www.youtube.com/watch?v=q73DtFg8UR4
UC5T7NU1C2GRViwJgwLOXk2g,oaZhuNs6hTk,Abhijit Story Zone,3672,Audio-book,https://www.youtube.com/watch?v=oaZhuNs6hTk
UC5T7NU1C2GRViwJgwLOXk2g,1Lu7oThP9dU,Abhijit Story Zone,4385,Audio-book,https://www.youtube.com/watch?v=1Lu7oThP9dU
UC5T7NU1C2GRViwJgwLOXk2g,1eqMTsxmVvY,Abhijit Story Zone,2355,Audio-book,https://www.youtube.com/watch?v=1eqMTsxmVvY
UC5T7NU1C2GRViwJgwLOXk2g,GNJPBUCVEmY,Abhijit Story Zone,2051,Audio-book,https://www.youtube.com/watch?v=GNJPBUCVEmY
UC5T7NU1C2GRViwJgwLOXk2g,LW6f-M2LJkU,Abhijit Story Zone,4101,Audio-book,https://www.youtube.com/watch?v=LW6f-M2LJkU
UC5T7NU1C2GRViwJgwLOXk2g,LeU3p_m4rVc,Abhijit Story Zone,1561,Audio-book,https://www.youtube.com/watch?v=LeU3p_m4rVc
UC5T7NU1C2GRViwJgwLOXk2g,Xjz7C67ox8g,Abhijit Story Zone,1864,Audio-book,https://www.youtube.com/watch?v=Xjz7C67ox8g
UC5T7NU1C2GRViwJgwLOXk2g,QeADkAPvQDQ,Abhijit Story Zone,2023,Audio-book,https://www.youtube.com/watch?v=QeADkAPvQDQ
UC5T7NU1C2GRViwJgwLOXk2g,nZyJdwF1m6A,Abhijit Story Zone,1582,Audio-book,https://www.youtube.com/watch?v=nZyJdwF1m6A
UC5T7NU1C2GRViwJgwLOXk2g,h5_fHizG7ys,Abhijit Story Zone,3371,Audio-book,https://www.youtube.com/watch?v=h5_fHizG7ys
UC5T7NU1C2GRViwJgwLOXk2g,Xzjowt-i5_c,Abhijit Story Zone,2327,Audio-book,https://www.youtube.com/watch?v=Xzjowt-i5_c
UC5T7NU1C2GRViwJgwLOXk2g,E3OHshJ5f_w,Abhijit Story Zone,1571,Audio-book,https://www.youtube.com/watch?v=E3OHshJ5f_w
UC5T7NU1C2GRViwJgwLOXk2g,M4Eypk4yH-o,Abhijit Story Zone,5753,Audio-book,https://www.youtube.com/watch?v=M4Eypk4yH-o
UC5T7NU1C2GRViwJgwLOXk2g,SNDKJbI6kvM,Abhijit Story Zone,5761,Audio-book,https://www.youtube.com/watch?v=SNDKJbI6kvM
UC5T7NU1C2GRViwJgwLOXk2g,ZAJtzgHymSE,Abhijit Story Zone,4003,Audio-book,https://www.youtube.com/watch?v=ZAJtzgHymSE
UC5T7NU1C2GRViwJgwLOXk2g,4r2C5vBo2Iw,Abhijit Story Zone,3480,Audio-book,https://www.youtube.com/watch?v=4r2C5vBo2Iw
UC5T7NU1C2GRViwJgwLOXk2g,cBRIVprpUmI,Abhijit Story Zone,3695,Audio-book,https://www.youtube.com/watch?v=cBRIVprpUmI
UC5T7NU1C2GRViwJgwLOXk2g,Eux_joHcmcY,Abhijit Story Zone,3669,Audio-book,https://www.youtube.com/watch?v=Eux_joHcmcY
UC5T7NU1C2GRViwJgwLOXk2g,Qvb0e8VP5II,Abhijit Story Zone,2266,Audio-book,https://www.youtube.com/watch?v=Qvb0e8VP5II
UC5T7NU1C2GRViwJgwLOXk2g,EbQOVrmvoC4,Abhijit Story Zone,4464,Audio-book,https://www.youtube.com/watch?v=EbQOVrmvoC4
UC5T7NU1C2GRViwJgwLOXk2g,NL1UZQKKX8o,Abhijit Story Zone,6555,Audio-book,https://www.youtube.com/watch?v=NL1UZQKKX8o
UC5T7NU1C2GRViwJgwLOXk2g,i1brV1muR6o,Abhijit Story Zone,2845,Audio-book,https://www.youtube.com/watch?v=i1brV1muR6o
UC5T7NU1C2GRViwJgwLOXk2g,s_xBLPC82h8,Abhijit Story Zone,2518,Audio-book,https://www.youtube.com/watch?v=s_xBLPC82h8
UC5T7NU1C2GRViwJgwLOXk2g,Wwzu4G2tH2I,Abhijit Story Zone,4661,Audio-book,https://www.youtube.com/watch?v=Wwzu4G2tH2I
UC5T7NU1C2GRViwJgwLOXk2g,1PGyRpapa-w,Abhijit Story Zone,2240,Audio-book,https://www.youtube.com/watch?v=1PGyRpapa-w
UC5T7NU1C2GRViwJgwLOXk2g,izf8FS3TSJQ,Abhijit Story Zone,3111,Audio-book,https://www.youtube.com/watch?v=izf8FS3TSJQ
UC5T7NU1C2GRViwJgwLOXk2g,uJTaV5lMUYI,Abhijit Story Zone,5275,Audio-book,https://www.youtube.com/watch?v=uJTaV5lMUYI
UC5T7NU1C2GRViwJgwLOXk2g,UP5kRgsqhlA,Abhijit Story Zone,3860,Audio-book,https://www.youtube.com/watch?v=UP5kRgsqhlA
UCacsYdKmnINOnu2Mp-nR05w,sdVzjwdysoM,আওয়াজ | Bangla Audio Book,6222,Audio-book,https://www.youtube.com/watch?v=sdVzjwdysoM
UCACNN-XoSJZLlkVAkc09B4Q,EY2ak_QDyPU,Eso Galpo Shuni,1428,Audio-book,https://www.youtube.com/watch?v=EY2ak_QDyPU
UCACNN-XoSJZLlkVAkc09B4Q,z9LjiQueq3U,Eso Galpo Shuni,1902,Audio-book,https://www.youtube.com/watch?v=z9LjiQueq3U
UCACNN-XoSJZLlkVAkc09B4Q,7_Jl7HN4mB4,Eso Galpo Shuni,3550,Audio-book,https://www.youtube.com/watch?v=7_Jl7HN4mB4
UCACNN-XoSJZLlkVAkc09B4Q,L3FYcmaVH88,Eso Galpo Shuni,2071,Audio-book,https://www.youtube.com/watch?v=L3FYcmaVH88
UCACNN-XoSJZLlkVAkc09B4Q,qAJWWuzanJE,Eso Galpo Shuni,1576,Audio-book,https://www.youtube.com/watch?v=qAJWWuzanJE
UCACNN-XoSJZLlkVAkc09B4Q,8ban-j84MTo,Eso Galpo Shuni,2791,Audio-book,https://www.youtube.com/watch?v=8ban-j84MTo
UCACNN-XoSJZLlkVAkc09B4Q,lboWXBaLwsQ,Eso Galpo Shuni,1213,Audio-book,https://www.youtube.com/watch?v=lboWXBaLwsQ
UCACNN-XoSJZLlkVAkc09B4Q,hxX3Lj8MaLU,Eso Galpo Shuni,1748,Audio-book,https://www.youtube.com/watch?v=hxX3Lj8MaLU
UCACNN-XoSJZLlkVAkc09B4Q,z6zFY221zXM,Eso Galpo Shuni,2983,Audio-book,https://www.youtube.com/watch?v=z6zFY221zXM
UCACNN-XoSJZLlkVAkc09B4Q,MjN_GjljlxI,Eso Galpo Shuni,1529,Audio-book,https://www.youtube.com/watch?v=MjN_GjljlxI
UCACNN-XoSJZLlkVAkc09B4Q,Ta7vmym9vQQ,Eso Galpo Shuni,3160,Audio-book,https://www.youtube.com/watch?v=Ta7vmym9vQQ
UCACNN-XoSJZLlkVAkc09B4Q,HJVCa_Yw7co,Eso Galpo Shuni,2007,Audio-book,https://www.youtube.com/watch?v=HJVCa_Yw7co
UCACNN-XoSJZLlkVAkc09B4Q,B33MZ4AmtwY,Eso Galpo Shuni,2760,Audio-book,https://www.youtube.com/watch?v=B33MZ4AmtwY
UCACNN-XoSJZLlkVAkc09B4Q,M2cjbiEz-6c,Eso Galpo Shuni,2049,Audio-book,https://www.youtube.com/watch?v=M2cjbiEz-6c
UCACNN-XoSJZLlkVAkc09B4Q,jjJGkUa3KrQ,Eso Galpo Shuni,3878,Audio-book,https://www.youtube.com/watch?v=jjJGkUa3KrQ
UCACNN-XoSJZLlkVAkc09B4Q,qdGB6qXxIrk,Eso Galpo Shuni,3208,Audio-book,https://www.youtube.com/watch?v=qdGB6qXxIrk
UCACNN-XoSJZLlkVAkc09B4Q,tXoFxWK8pEc,Eso Galpo Shuni,3478,Audio-book,https://www.youtube.com/watch?v=tXoFxWK8pEc
UCACNN-XoSJZLlkVAkc09B4Q,LfyjSpvqaLw,Eso Galpo Shuni,3323,Audio-book,https://www.youtube.com/watch?v=LfyjSpvqaLw
UCACNN-XoSJZLlkVAkc09B4Q,FCUKXWCkdhM,Eso Galpo Shuni,4067,Audio-book,https://www.youtube.com/watch?v=FCUKXWCkdhM
UCACNN-XoSJZLlkVAkc09B4Q,zjkWJBj-mLI,Eso Galpo Shuni,1436,Audio-book,https://www.youtube.com/watch?v=zjkWJBj-mLI
UCACNN-XoSJZLlkVAkc09B4Q,c7sKleg2-m4,Eso Galpo Shuni,2215,Audio-book,https://www.youtube.com/watch?v=c7sKleg2-m4
UCACNN-XoSJZLlkVAkc09B4Q,8eJXMr7C4Nc,Eso Galpo Shuni,1340,Audio-book,https://www.youtube.com/watch?v=8eJXMr7C4Nc
UCACNN-XoSJZLlkVAkc09B4Q,uKJYB3Y3beE,Eso Galpo Shuni,3483,Audio-book,https://www.youtube.com/watch?v=uKJYB3Y3beE
UCACNN-XoSJZLlkVAkc09B4Q,gYtEauWCv-8,Eso Galpo Shuni,2784,Audio-book,https://www.youtube.com/watch?v=gYtEauWCv-8
UCACNN-XoSJZLlkVAkc09B4Q,1QrwDdpYQ0Y,Eso Galpo Shuni,2070,Audio-book,https://www.youtube.com/watch?v=1QrwDdpYQ0Y
UCACNN-XoSJZLlkVAkc09B4Q,5R4-ZOdO2Oc,Eso Galpo Shuni,2036,Audio-book,https://www.youtube.com/watch?v=5R4-ZOdO2Oc
UCACNN-XoSJZLlkVAkc09B4Q,l4Be9Y3eMVM,Eso Galpo Shuni,3161,Audio-book,https://www.youtube.com/watch?v=l4Be9Y3eMVM
UCACNN-XoSJZLlkVAkc09B4Q,ul4X3KQKH8g,Eso Galpo Shuni,2255,Audio-book,https://www.youtube.com/watch?v=ul4X3KQKH8g
UCACNN-XoSJZLlkVAkc09B4Q,4Om3k6qiGDA,Eso Galpo Shuni,2863,Audio-book,https://www.youtube.com/watch?v=4Om3k6qiGDA
UCACNN-XoSJZLlkVAkc09B4Q,Nsy-haSLPts,Eso Galpo Shuni,2239,Audio-book,https://www.youtube.com/watch?v=Nsy-haSLPts
UCACNN-XoSJZLlkVAkc09B4Q,9rRzCuYIBFs,Eso Galpo Shuni,3361,Audio-book,https://www.youtube.com/watch?v=9rRzCuYIBFs
UCACNN-XoSJZLlkVAkc09B4Q,NF7YK_n9HQA,Eso Galpo Shuni,2089,Audio-book,https://www.youtube.com/watch?v=NF7YK_n9HQA
UCACNN-XoSJZLlkVAkc09B4Q,f2C-9lDz2oo,Eso Galpo Shuni,2715,Audio-book,https://www.youtube.com/watch?v=f2C-9lDz2oo
UCACNN-XoSJZLlkVAkc09B4Q,NkUjgF8cy70,Eso Galpo Shuni,4896,Audio-book,https://www.youtube.com/watch?v=NkUjgF8cy70
UCACNN-XoSJZLlkVAkc09B4Q,3woYJ52j0Fw,Eso Galpo Shuni,1520,Audio-book,https://www.youtube.com/watch?v=3woYJ52j0Fw
UCACNN-XoSJZLlkVAkc09B4Q,QyxxRwQD0qM,Eso Galpo Shuni,1494,Audio-book,https://www.youtube.com/watch?v=QyxxRwQD0qM
UCACNN-XoSJZLlkVAkc09B4Q,6w7A0xJmb9U,Eso Galpo Shuni,1959,Audio-book,https://www.youtube.com/watch?v=6w7A0xJmb9U
UCACNN-XoSJZLlkVAkc09B4Q,_O0EQW3pOQo,Eso Galpo Shuni,2978,Audio-book,https://www.youtube.com/watch?v=_O0EQW3pOQo
UCACNN-XoSJZLlkVAkc09B4Q,l21obX-RTPA,Eso Galpo Shuni,4576,Audio-book,https://www.youtube.com/watch?v=l21obX-RTPA
UCACNN-XoSJZLlkVAkc09B4Q,WuKQNLDwgoo,Eso Galpo Shuni,1618,Audio-book,https://www.youtube.com/watch?v=WuKQNLDwgoo
UCACNN-XoSJZLlkVAkc09B4Q,h4ieOOUf22Q,Eso Galpo Shuni,2566,Audio-book,https://www.youtube.com/watch?v=h4ieOOUf22Q
UCACNN-XoSJZLlkVAkc09B4Q,86Zln5yOU24,Eso Galpo Shuni,2791,Audio-book,https://www.youtube.com/watch?v=86Zln5yOU24
UCACNN-XoSJZLlkVAkc09B4Q,63ZiaPm8j9Q,Eso Galpo Shuni,2994,Audio-book,https://www.youtube.com/watch?v=63ZiaPm8j9Q
UCACNN-XoSJZLlkVAkc09B4Q,j2BNvCl6evU,Eso Galpo Shuni,1550,Audio-book,https://www.youtube.com/watch?v=j2BNvCl6evU
UCACNN-XoSJZLlkVAkc09B4Q,Nr0EARQUjuw,Eso Galpo Shuni,2426,Audio-book,https://www.youtube.com/watch?v=Nr0EARQUjuw
UCACNN-XoSJZLlkVAkc09B4Q,ULsq5nFdDaw,Eso Galpo Shuni,2200,Audio-book,https://www.youtube.com/watch?v=ULsq5nFdDaw
UCACNN-XoSJZLlkVAkc09B4Q,QZXbMx16Swo,Eso Galpo Shuni,3709,Audio-book,https://www.youtube.com/watch?v=QZXbMx16Swo
UCACNN-XoSJZLlkVAkc09B4Q,rYec-xjGk7I,Eso Galpo Shuni,6152,Audio-book,https://www.youtube.com/watch?v=rYec-xjGk7I
UCACNN-XoSJZLlkVAkc09B4Q,iixxPHYOLU8,Eso Galpo Shuni,2991,Audio-book,https://www.youtube.com/watch?v=iixxPHYOLU8
UCACNN-XoSJZLlkVAkc09B4Q,2RGtMNZ9YPg,Eso Galpo Shuni,3340,Audio-book,https://www.youtube.com/watch?v=2RGtMNZ9YPg
UCACNN-XoSJZLlkVAkc09B4Q,_sQ2ApvIVFs,Eso Galpo Shuni,2897,Audio-book,https://www.youtube.com/watch?v=_sQ2ApvIVFs
UCACNN-XoSJZLlkVAkc09B4Q,ET2c6ff7fHk,Eso Galpo Shuni,1941,Audio-book,https://www.youtube.com/watch?v=ET2c6ff7fHk
UCACNN-XoSJZLlkVAkc09B4Q,VE3J8FNlIj8,Eso Galpo Shuni,2127,Audio-book,https://www.youtube.com/watch?v=VE3J8FNlIj8
UCACNN-XoSJZLlkVAkc09B4Q,Xdc5hSOiMrE,Eso Galpo Shuni,2756,Audio-book,https://www.youtube.com/watch?v=Xdc5hSOiMrE
UCACNN-XoSJZLlkVAkc09B4Q,BHLasI0xL1o,Eso Galpo Shuni,3159,Audio-book,https://www.youtube.com/watch?v=BHLasI0xL1o
UCACNN-XoSJZLlkVAkc09B4Q,mtyNfqpw8VE,Eso Galpo Shuni,2931,Audio-book,https://www.youtube.com/watch?v=mtyNfqpw8VE
UCACNN-XoSJZLlkVAkc09B4Q,B6nKFydI8d8,Eso Galpo Shuni,2225,Audio-book,https://www.youtube.com/watch?v=B6nKFydI8d8
UCACNN-XoSJZLlkVAkc09B4Q,G8nGeezXZZo,Eso Galpo Shuni,2405,Audio-book,https://www.youtube.com/watch?v=G8nGeezXZZo
UCACNN-XoSJZLlkVAkc09B4Q,toz_4iYToRU,Eso Galpo Shuni,2335,Audio-book,https://www.youtube.com/watch?v=toz_4iYToRU
UCACNN-XoSJZLlkVAkc09B4Q,YALbPH2Eqos,Eso Galpo Shuni,2142,Audio-book,https://www.youtube.com/watch?v=YALbPH2Eqos
UCACNN-XoSJZLlkVAkc09B4Q,GontLQI3DqM,Eso Galpo Shuni,3394,Audio-book,https://www.youtube.com/watch?v=GontLQI3DqM
UCACNN-XoSJZLlkVAkc09B4Q,g7A6i_lpRGI,Eso Galpo Shuni,3368,Audio-book,https://www.youtube.com/watch?v=g7A6i_lpRGI
UCACNN-XoSJZLlkVAkc09B4Q,DiykNPw99gI,Eso Galpo Shuni,4982,Audio-book,https://www.youtube.com/watch?v=DiykNPw99gI
UCACNN-XoSJZLlkVAkc09B4Q,LYu6PX059S0,Eso Galpo Shuni,3399,Audio-book,https://www.youtube.com/watch?v=LYu6PX059S0
UCACNN-XoSJZLlkVAkc09B4Q,krhceNw9C58,Eso Galpo Shuni,1448,Audio-book,https://www.youtube.com/watch?v=krhceNw9C58
UCACNN-XoSJZLlkVAkc09B4Q,Oc8nDiDnHNs,Eso Galpo Shuni,4045,Audio-book,https://www.youtube.com/watch?v=Oc8nDiDnHNs
UCACNN-XoSJZLlkVAkc09B4Q,iqBPbeUuvGE,Eso Galpo Shuni,3294,Audio-book,https://www.youtube.com/watch?v=iqBPbeUuvGE
UCACNN-XoSJZLlkVAkc09B4Q,wyUTnMxQokU,Eso Galpo Shuni,5687,Audio-book,https://www.youtube.com/watch?v=wyUTnMxQokU
UCACNN-XoSJZLlkVAkc09B4Q,5PhF04aB7VU,Eso Galpo Shuni,3890,Audio-book,https://www.youtube.com/watch?v=5PhF04aB7VU
UCACNN-XoSJZLlkVAkc09B4Q,9BD8DlZB5OQ,Eso Galpo Shuni,3007,Audio-book,https://www.youtube.com/watch?v=9BD8DlZB5OQ
UCACNN-XoSJZLlkVAkc09B4Q,FpBdaJ1RhZE,Eso Galpo Shuni,4230,Audio-book,https://www.youtube.com/watch?v=FpBdaJ1RhZE
UCACNN-XoSJZLlkVAkc09B4Q,L05iMeexXy4,Eso Galpo Shuni,3324,Audio-book,https://www.youtube.com/watch?v=L05iMeexXy4
UCACNN-XoSJZLlkVAkc09B4Q,OAaj4TqP4WI,Eso Galpo Shuni,3348,Audio-book,https://www.youtube.com/watch?v=OAaj4TqP4WI
UCACNN-XoSJZLlkVAkc09B4Q,tPR3o-_9_WU,Eso Galpo Shuni,2729,Audio-book,https://www.youtube.com/watch?v=tPR3o-_9_WU
UCACNN-XoSJZLlkVAkc09B4Q,n-QJRVOi1ro,Eso Galpo Shuni,5207,Audio-book,https://www.youtube.com/watch?v=n-QJRVOi1ro
UCACNN-XoSJZLlkVAkc09B4Q,a8yWR4Et5B8,Eso Galpo Shuni,3055,Audio-book,https://www.youtube.com/watch?v=a8yWR4Et5B8
UCACNN-XoSJZLlkVAkc09B4Q,MyuUTn-x_2Q,Eso Galpo Shuni,2914,Audio-book,https://www.youtube.com/watch?v=MyuUTn-x_2Q
UCACNN-XoSJZLlkVAkc09B4Q,FrpXedycmZs,Eso Galpo Shuni,3221,Audio-book,https://www.youtube.com/watch?v=FrpXedycmZs
UCACNN-XoSJZLlkVAkc09B4Q,sw7r-FgjAe0,Eso Galpo Shuni,3296,Audio-book,https://www.youtube.com/watch?v=sw7r-FgjAe0
UCACNN-XoSJZLlkVAkc09B4Q,5k_6jHgUSnM,Eso Galpo Shuni,3297,Audio-book,https://www.youtube.com/watch?v=5k_6jHgUSnM
UCACNN-XoSJZLlkVAkc09B4Q,b97yHfafOn0,Eso Galpo Shuni,1491,Audio-book,https://www.youtube.com/watch?v=b97yHfafOn0
UCF7USNwvrBhFCXsohC_U9ag,_aPlGBNKQ6E,My AudioBook,2784,Audio-book,https://www.youtube.com/watch?v=_aPlGBNKQ6E
UCF7USNwvrBhFCXsohC_U9ag,xQVBTQGpGXo,My AudioBook,3416,Audio-book,https://www.youtube.com/watch?v=xQVBTQGpGXo
UCF7USNwvrBhFCXsohC_U9ag,byzPwhy3sik,My AudioBook,2711,Audio-book,https://www.youtube.com/watch?v=byzPwhy3sik
UCF7USNwvrBhFCXsohC_U9ag,tsi_B7ZTA-Y,My AudioBook,3598,Audio-book,https://www.youtube.com/watch?v=tsi_B7ZTA-Y
UCF7USNwvrBhFCXsohC_U9ag,OWS-GZMioXU,My AudioBook,2561,Audio-book,https://www.youtube.com/watch?v=OWS-GZMioXU
UCF7USNwvrBhFCXsohC_U9ag,mZTFp40vwA4,My AudioBook,1771,Audio-book,https://www.youtube.com/watch?v=mZTFp40vwA4
UCF7USNwvrBhFCXsohC_U9ag,LD-HD7ENeV4,My AudioBook,2902,Audio-book,https://www.youtube.com/watch?v=LD-HD7ENeV4
UCF7USNwvrBhFCXsohC_U9ag,8va89owg-Yw,My AudioBook,2854,Audio-book,https://www.youtube.com/watch?v=8va89owg-Yw
UCF7USNwvrBhFCXsohC_U9ag,l0HzsDBau_I,My AudioBook,1560,Audio-book,https://www.youtube.com/watch?v=l0HzsDBau_I
UCF7USNwvrBhFCXsohC_U9ag,ogRuyL8fMaI,My AudioBook,1364,Audio-book,https://www.youtube.com/watch?v=ogRuyL8fMaI
UCF7USNwvrBhFCXsohC_U9ag,dUxKst54_0I,My AudioBook,1473,Audio-book,https://www.youtube.com/watch?v=dUxKst54_0I
UCF7USNwvrBhFCXsohC_U9ag,xgfbF1i7HTI,My AudioBook,2374,Audio-book,https://www.youtube.com/watch?v=xgfbF1i7HTI
UCF7USNwvrBhFCXsohC_U9ag,4nDHnq061vw,My AudioBook,4004,Audio-book,https://www.youtube.com/watch?v=4nDHnq061vw
UCF7USNwvrBhFCXsohC_U9ag,ENxRipVcTU0,My AudioBook,1394,Audio-book,https://www.youtube.com/watch?v=ENxRipVcTU0
UCF7USNwvrBhFCXsohC_U9ag,vpoFjx5qQo4,My AudioBook,1528,Audio-book,https://www.youtube.com/watch?v=vpoFjx5qQo4
UCF7USNwvrBhFCXsohC_U9ag,iQpqxka5wKg,My AudioBook,4697,Audio-book,https://www.youtube.com/watch?v=iQpqxka5wKg
UCF7USNwvrBhFCXsohC_U9ag,WS1Oo0HSO88,My AudioBook,1963,Audio-book,https://www.youtube.com/watch?v=WS1Oo0HSO88
UCF7USNwvrBhFCXsohC_U9ag,w3YSWPCFVDg,My AudioBook,3920,Audio-book,https://www.youtube.com/watch?v=w3YSWPCFVDg
UCF7USNwvrBhFCXsohC_U9ag,TYUs16abolw,My AudioBook,3108,Audio-book,https://www.youtube.com/watch?v=TYUs16abolw
UCF7USNwvrBhFCXsohC_U9ag,MKSWMw1oVfA,My AudioBook,2968,Audio-book,https://www.youtube.com/watch?v=MKSWMw1oVfA
UCF7USNwvrBhFCXsohC_U9ag,MpvVQk-Nkqk,My AudioBook,1297,Audio-book,https://www.youtube.com/watch?v=MpvVQk-Nkqk
UCF7USNwvrBhFCXsohC_U9ag,jHh1-5Hz4Jk,My AudioBook,1218,Audio-book,https://www.youtube.com/watch?v=jHh1-5Hz4Jk
UCF7USNwvrBhFCXsohC_U9ag,qWxyPvLwmYM,My AudioBook,4035,Audio-book,https://www.youtube.com/watch?v=qWxyPvLwmYM
UCF7USNwvrBhFCXsohC_U9ag,5vJa0BxsyJU,My AudioBook,3470,Audio-book,https://www.youtube.com/watch?v=5vJa0BxsyJU
UCF7USNwvrBhFCXsohC_U9ag,e6JB6qCLIts,My AudioBook,3265,Audio-book,https://www.youtube.com/watch?v=e6JB6qCLIts
UCF7USNwvrBhFCXsohC_U9ag,lei7Aiw_2TI,My AudioBook,3344,Audio-book,https://www.youtube.com/watch?v=lei7Aiw_2TI
UCF7USNwvrBhFCXsohC_U9ag,DBh-UC6V6fM,My AudioBook,1493,Audio-book,https://www.youtube.com/watch?v=DBh-UC6V6fM
UCF7USNwvrBhFCXsohC_U9ag,_eu9erInWyE,My AudioBook,3274,Audio-book,https://www.youtube.com/watch?v=_eu9erInWyE
UCF7USNwvrBhFCXsohC_U9ag,mnUqAKaoBPQ,My AudioBook,3308,Audio-book,https://www.youtube.com/watch?v=mnUqAKaoBPQ
UCF7USNwvrBhFCXsohC_U9ag,PLJ3bHHKFsQ,My AudioBook,4516,Audio-book,https://www.youtube.com/watch?v=PLJ3bHHKFsQ
UCF7USNwvrBhFCXsohC_U9ag,QXMwmYWtXzw,My AudioBook,1865,Audio-book,https://www.youtube.com/watch?v=QXMwmYWtXzw
UCF7USNwvrBhFCXsohC_U9ag,DQ95vJKTgTk,My AudioBook,1605,Audio-book,https://www.youtube.com/watch?v=DQ95vJKTgTk
UCF7USNwvrBhFCXsohC_U9ag,SNFopw-03XU,My AudioBook,3433,Audio-book,https://www.youtube.com/watch?v=SNFopw-03XU
UCF7USNwvrBhFCXsohC_U9ag,s7QCwi3FNBg,My AudioBook,3385,Audio-book,https://www.youtube.com/watch?v=s7QCwi3FNBg
UCF7USNwvrBhFCXsohC_U9ag,A2os8fqI6gE,My AudioBook,2958,Audio-book,https://www.youtube.com/watch?v=A2os8fqI6gE
UCF7USNwvrBhFCXsohC_U9ag,ngufURdzAZc,My AudioBook,2811,Audio-book,https://www.youtube.com/watch?v=ngufURdzAZc
UCF7USNwvrBhFCXsohC_U9ag,r9KR57xhcQ4,My AudioBook,3208,Audio-book,https://www.youtube.com/watch?v=r9KR57xhcQ4
UCF7USNwvrBhFCXsohC_U9ag,69SViXfWbWo,My AudioBook,2961,Audio-book,https://www.youtube.com/watch?v=69SViXfWbWo
UCF7USNwvrBhFCXsohC_U9ag,TzHZYXJlwbE,My AudioBook,2997,Audio-book,https://www.youtube.com/watch?v=TzHZYXJlwbE
UCF7USNwvrBhFCXsohC_U9ag,YYPk_KWo5eA,My AudioBook,2541,Audio-book,https://www.youtube.com/watch?v=YYPk_KWo5eA
UCF7USNwvrBhFCXsohC_U9ag,vhQEdkwq0c8,My AudioBook,3273,Audio-book,https://www.youtube.com/watch?v=vhQEdkwq0c8
UCF7USNwvrBhFCXsohC_U9ag,LDMAvur0Ots,My AudioBook,3654,Audio-book,https://www.youtube.com/watch?v=LDMAvur0Ots
UCF7USNwvrBhFCXsohC_U9ag,iewKnu-RaPQ,My AudioBook,2986,Audio-book,https://www.youtube.com/watch?v=iewKnu-RaPQ
UCF7USNwvrBhFCXsohC_U9ag,_bR3lhLN3wg,My AudioBook,3046,Audio-book,https://www.youtube.com/watch?v=_bR3lhLN3wg
UCF7USNwvrBhFCXsohC_U9ag,c2IdY1747U8,My AudioBook,2876,Audio-book,https://www.youtube.com/watch?v=c2IdY1747U8
UCF7USNwvrBhFCXsohC_U9ag,OHL7pfD7CIA,My AudioBook,4500,Audio-book,https://www.youtube.com/watch?v=OHL7pfD7CIA
UCF7USNwvrBhFCXsohC_U9ag,s809Txt2z-M,My AudioBook,3160,Audio-book,https://www.youtube.com/watch?v=s809Txt2z-M
UCF7USNwvrBhFCXsohC_U9ag,1cP_J0ihR3U,My AudioBook,2768,Audio-book,https://www.youtube.com/watch?v=1cP_J0ihR3U
UCF7USNwvrBhFCXsohC_U9ag,CdunI1EYXhk,My AudioBook,1817,Audio-book,https://www.youtube.com/watch?v=CdunI1EYXhk
UCF7USNwvrBhFCXsohC_U9ag,UzxeZUqQKXc,My AudioBook,2780,Audio-book,https://www.youtube.com/watch?v=UzxeZUqQKXc
UCF7USNwvrBhFCXsohC_U9ag,qsWD828jDPs,My AudioBook,3532,Audio-book,https://www.youtube.com/watch?v=qsWD828jDPs
UCF7USNwvrBhFCXsohC_U9ag,BDvCC1TqhME,My AudioBook,2793,Audio-book,https://www.youtube.com/watch?v=BDvCC1TqhME
UCF7USNwvrBhFCXsohC_U9ag,QqVJxE6K3O4,My AudioBook,4735,Audio-book,https://www.youtube.com/watch?v=QqVJxE6K3O4
UCF7USNwvrBhFCXsohC_U9ag,9JCM0rLgRhE,My AudioBook,1809,Audio-book,https://www.youtube.com/watch?v=9JCM0rLgRhE
UCF7USNwvrBhFCXsohC_U9ag,dcXa6jIQkQ8,My AudioBook,1658,Audio-book,https://www.youtube.com/watch?v=dcXa6jIQkQ8
UCF7USNwvrBhFCXsohC_U9ag,FWMj-Ja9LgU,My AudioBook,2979,Audio-book,https://www.youtube.com/watch?v=FWMj-Ja9LgU
UCF7USNwvrBhFCXsohC_U9ag,xgSUxjsEr8o,My AudioBook,3012,Audio-book,https://www.youtube.com/watch?v=xgSUxjsEr8o
UCF7USNwvrBhFCXsohC_U9ag,Sjb2qMVSyTg,My AudioBook,1661,Audio-book,https://www.youtube.com/watch?v=Sjb2qMVSyTg
UCF7USNwvrBhFCXsohC_U9ag,vY1SziXTamk,My AudioBook,1379,Audio-book,https://www.youtube.com/watch?v=vY1SziXTamk
UCF7USNwvrBhFCXsohC_U9ag,cpEqQ7ctjqU,My AudioBook,4031,Audio-book,https://www.youtube.com/watch?v=cpEqQ7ctjqU
UCF7USNwvrBhFCXsohC_U9ag,9imOc-9Hj_k,My AudioBook,2703,Audio-book,https://www.youtube.com/watch?v=9imOc-9Hj_k
UCF7USNwvrBhFCXsohC_U9ag,KSOhtpCUsQY,My AudioBook,3130,Audio-book,https://www.youtube.com/watch?v=KSOhtpCUsQY
UCF7USNwvrBhFCXsohC_U9ag,DsU8Rc1wU84,My AudioBook,2744,Audio-book,https://www.youtube.com/watch?v=DsU8Rc1wU84
UCF7USNwvrBhFCXsohC_U9ag,m53x7wrPFvc,My AudioBook,2066,Audio-book,https://www.youtube.com/watch?v=m53x7wrPFvc
UCF7USNwvrBhFCXsohC_U9ag,ERBBYXssDbI,My AudioBook,3061,Audio-book,https://www.youtube.com/watch?v=ERBBYXssDbI
UCF7USNwvrBhFCXsohC_U9ag,v0m5tF6GfDE,My AudioBook,3043,Audio-book,https://www.youtube.com/watch?v=v0m5tF6GfDE
UCF7USNwvrBhFCXsohC_U9ag,xj6b_-oO59s,My AudioBook,3477,Audio-book,https://www.youtube.com/watch?v=xj6b_-oO59s
UCF7USNwvrBhFCXsohC_U9ag,eN7buYIz1X4,My AudioBook,3145,Audio-book,https://www.youtube.com/watch?v=eN7buYIz1X4
UCF7USNwvrBhFCXsohC_U9ag,xWxwmY-iw48,My AudioBook,2917,Audio-book,https://www.youtube.com/watch?v=xWxwmY-iw48
UCF7USNwvrBhFCXsohC_U9ag,vlNT1OAJS40,My AudioBook,2645,Audio-book,https://www.youtube.com/watch?v=vlNT1OAJS40
UCF7USNwvrBhFCXsohC_U9ag,sxrKH7PBIL4,My AudioBook,3735,Audio-book,https://www.youtube.com/watch?v=sxrKH7PBIL4
UCF7USNwvrBhFCXsohC_U9ag,iw06wwBxJBk,My AudioBook,4012,Audio-book,https://www.youtube.com/watch?v=iw06wwBxJBk
UCF7USNwvrBhFCXsohC_U9ag,e8cu2IfhB4c,My AudioBook,6787,Audio-book,https://www.youtube.com/watch?v=e8cu2IfhB4c
UCF7USNwvrBhFCXsohC_U9ag,wP25yOl65AQ,My AudioBook,5855,Audio-book,https://www.youtube.com/watch?v=wP25yOl65AQ
UCF7USNwvrBhFCXsohC_U9ag,7RT39iI8RW0,My AudioBook,4277,Audio-book,https://www.youtube.com/watch?v=7RT39iI8RW0
UCF7USNwvrBhFCXsohC_U9ag,b3zK_prQLrk,My AudioBook,2868,Audio-book,https://www.youtube.com/watch?v=b3zK_prQLrk
UCF7USNwvrBhFCXsohC_U9ag,K5rzvmU0khs,My AudioBook,3120,Audio-book,https://www.youtube.com/watch?v=K5rzvmU0khs
UCF7USNwvrBhFCXsohC_U9ag,aJ3xnT4tcOw,My AudioBook,2568,Audio-book,https://www.youtube.com/watch?v=aJ3xnT4tcOw
UCF7USNwvrBhFCXsohC_U9ag,UCN2lH1q7QQ,My AudioBook,3208,Audio-book,https://www.youtube.com/watch?v=UCN2lH1q7QQ
UCF7USNwvrBhFCXsohC_U9ag,ZYCoHqp8HMA,My AudioBook,6183,Audio-book,https://www.youtube.com/watch?v=ZYCoHqp8HMA
UCF7USNwvrBhFCXsohC_U9ag,oUV72IgFSG0,My AudioBook,4538,Audio-book,https://www.youtube.com/watch?v=oUV72IgFSG0
UCF7USNwvrBhFCXsohC_U9ag,FuJfhkbwNJo,My AudioBook,3242,Audio-book,https://www.youtube.com/watch?v=FuJfhkbwNJo
UCF7USNwvrBhFCXsohC_U9ag,CF13xsoeQPs,My AudioBook,2520,Audio-book,https://www.youtube.com/watch?v=CF13xsoeQPs
UCF7USNwvrBhFCXsohC_U9ag,I61_PU6iSEw,My AudioBook,3167,Audio-book,https://www.youtube.com/watch?v=I61_PU6iSEw
UCF7USNwvrBhFCXsohC_U9ag,xvZM5EHy50Y,My AudioBook,1219,Audio-book,https://www.youtube.com/watch?v=xvZM5EHy50Y
UCF7USNwvrBhFCXsohC_U9ag,JBeOrHLARsM,My AudioBook,2859,Audio-book,https://www.youtube.com/watch?v=JBeOrHLARsM
UCF7USNwvrBhFCXsohC_U9ag,atVY5Ospnb4,My AudioBook,1525,Audio-book,https://www.youtube.com/watch?v=atVY5Ospnb4
UCF7USNwvrBhFCXsohC_U9ag,CH1kB_9BkzA,My AudioBook,4868,Audio-book,https://www.youtube.com/watch?v=CH1kB_9BkzA
UCF7USNwvrBhFCXsohC_U9ag,MVAqPeXGxSM,My AudioBook,2270,Audio-book,https://www.youtube.com/watch?v=MVAqPeXGxSM
UCF7USNwvrBhFCXsohC_U9ag,6nA67qFIEpw,My AudioBook,4713,Audio-book,https://www.youtube.com/watch?v=6nA67qFIEpw
UCF7USNwvrBhFCXsohC_U9ag,U7Bla0aXf0E,My AudioBook,4817,Audio-book,https://www.youtube.com/watch?v=U7Bla0aXf0E
UCF7USNwvrBhFCXsohC_U9ag,4HRanrsH5Iw,My AudioBook,3907,Audio-book,https://www.youtube.com/watch?v=4HRanrsH5Iw
UCF7USNwvrBhFCXsohC_U9ag,4LCRW6uncO8,My AudioBook,3924,Audio-book,https://www.youtube.com/watch?v=4LCRW6uncO8
UCF7USNwvrBhFCXsohC_U9ag,KhMzic8ligE,My AudioBook,4474,Audio-book,https://www.youtube.com/watch?v=KhMzic8ligE
UCF7USNwvrBhFCXsohC_U9ag,vg-NiTtOzPM,My AudioBook,3075,Audio-book,https://www.youtube.com/watch?v=vg-NiTtOzPM
UCF7USNwvrBhFCXsohC_U9ag,FQOOEWMXZ0A,My AudioBook,2965,Audio-book,https://www.youtube.com/watch?v=FQOOEWMXZ0A
UCF7USNwvrBhFCXsohC_U9ag,uUBsID7RlZE,My AudioBook,3046,Audio-book,https://www.youtube.com/watch?v=uUBsID7RlZE
UCF7USNwvrBhFCXsohC_U9ag,SQ0w2YtjMD0,My AudioBook,1897,Audio-book,https://www.youtube.com/watch?v=SQ0w2YtjMD0
UCF7USNwvrBhFCXsohC_U9ag,bw-yv4cE1L8,My AudioBook,3334,Audio-book,https://www.youtube.com/watch?v=bw-yv4cE1L8
UCF7USNwvrBhFCXsohC_U9ag,1M7UGpVzSx4,My AudioBook,1403,Audio-book,https://www.youtube.com/watch?v=1M7UGpVzSx4
UCF7USNwvrBhFCXsohC_U9ag,1K-6TxgtDag,My AudioBook,3751,Audio-book,https://www.youtube.com/watch?v=1K-6TxgtDag
UCF7USNwvrBhFCXsohC_U9ag,_6s-aI0OWh0,My AudioBook,2924,Audio-book,https://www.youtube.com/watch?v=_6s-aI0OWh0
UCF7USNwvrBhFCXsohC_U9ag,wqQaVdoasU8,My AudioBook,2614,Audio-book,https://www.youtube.com/watch?v=wqQaVdoasU8
UCF7USNwvrBhFCXsohC_U9ag,empTDhiMuWI,My AudioBook,3792,Audio-book,https://www.youtube.com/watch?v=empTDhiMuWI
UCF7USNwvrBhFCXsohC_U9ag,daymqmnRBZ4,My AudioBook,3623,Audio-book,https://www.youtube.com/watch?v=daymqmnRBZ4
UCF7USNwvrBhFCXsohC_U9ag,Z2hfC5LoeOw,My AudioBook,3433,Audio-book,https://www.youtube.com/watch?v=Z2hfC5LoeOw
UCF7USNwvrBhFCXsohC_U9ag,9X4693_ALe8,My AudioBook,3476,Audio-book,https://www.youtube.com/watch?v=9X4693_ALe8
UCF7USNwvrBhFCXsohC_U9ag,zXTAhboXjBo,My AudioBook,3466,Audio-book,https://www.youtube.com/watch?v=zXTAhboXjBo
UCF7USNwvrBhFCXsohC_U9ag,UvegZf9HiN0,My AudioBook,1610,Audio-book,https://www.youtube.com/watch?v=UvegZf9HiN0
UCF7USNwvrBhFCXsohC_U9ag,n2Y3NHReiBc,My AudioBook,4637,Audio-book,https://www.youtube.com/watch?v=n2Y3NHReiBc
UCF7USNwvrBhFCXsohC_U9ag,p9Ol5MqxHh8,My AudioBook,2855,Audio-book,https://www.youtube.com/watch?v=p9Ol5MqxHh8
UCF7USNwvrBhFCXsohC_U9ag,dAAXNPJFRdY,My AudioBook,3871,Audio-book,https://www.youtube.com/watch?v=dAAXNPJFRdY
UCF7USNwvrBhFCXsohC_U9ag,C3gQltR2b7s,My AudioBook,3327,Audio-book,https://www.youtube.com/watch?v=C3gQltR2b7s
UCF7USNwvrBhFCXsohC_U9ag,L8G907ciBo8,My AudioBook,6150,Audio-book,https://www.youtube.com/watch?v=L8G907ciBo8
UCF7USNwvrBhFCXsohC_U9ag,cL2e_meYxCM,My AudioBook,1577,Audio-book,https://www.youtube.com/watch?v=cL2e_meYxCM
UCF7USNwvrBhFCXsohC_U9ag,hHOPNmQhLEw,My AudioBook,3422,Audio-book,https://www.youtube.com/watch?v=hHOPNmQhLEw
UCF7USNwvrBhFCXsohC_U9ag,-eNH43AusEY,My AudioBook,3598,Audio-book,https://www.youtube.com/watch?v=-eNH43AusEY
UCF7USNwvrBhFCXsohC_U9ag,STyAQZU8UM4,My AudioBook,3640,Audio-book,https://www.youtube.com/watch?v=STyAQZU8UM4
UCF7USNwvrBhFCXsohC_U9ag,rOD-UX7GiWo,My AudioBook,1489,Audio-book,https://www.youtube.com/watch?v=rOD-UX7GiWo
UCF7USNwvrBhFCXsohC_U9ag,kZevo1moMew,My AudioBook,3357,Audio-book,https://www.youtube.com/watch?v=kZevo1moMew
UCF7USNwvrBhFCXsohC_U9ag,8CTdDKI_Lj8,My AudioBook,4385,Audio-book,https://www.youtube.com/watch?v=8CTdDKI_Lj8
UCF7USNwvrBhFCXsohC_U9ag,FzWcsOD55lM,My AudioBook,3860,Audio-book,https://www.youtube.com/watch?v=FzWcsOD55lM
UCF7USNwvrBhFCXsohC_U9ag,yzRH9rt8aws,My AudioBook,5176,Audio-book,https://www.youtube.com/watch?v=yzRH9rt8aws
UCF7USNwvrBhFCXsohC_U9ag,O0l082YYluU,My AudioBook,3742,Audio-book,https://www.youtube.com/watch?v=O0l082YYluU
UCF7USNwvrBhFCXsohC_U9ag,xHiEJNhhXfw,My AudioBook,3922,Audio-book,https://www.youtube.com/watch?v=xHiEJNhhXfw
UCF7USNwvrBhFCXsohC_U9ag,3zvkPIoILSA,My AudioBook,3350,Audio-book,https://www.youtube.com/watch?v=3zvkPIoILSA
UCF7USNwvrBhFCXsohC_U9ag,kwmrHdGPURE,My AudioBook,1812,Audio-book,https://www.youtube.com/watch?v=kwmrHdGPURE
UCF7USNwvrBhFCXsohC_U9ag,hfKXWm9Ok-4,My AudioBook,2634,Audio-book,https://www.youtube.com/watch?v=hfKXWm9Ok-4
UCF7USNwvrBhFCXsohC_U9ag,c5v7iVF5XVI,My AudioBook,3104,Audio-book,https://www.youtube.com/watch?v=c5v7iVF5XVI
UCF7USNwvrBhFCXsohC_U9ag,7CMhlDwGeWs,My AudioBook,3396,Audio-book,https://www.youtube.com/watch?v=7CMhlDwGeWs
UCF7USNwvrBhFCXsohC_U9ag,d6kh4jXGLCY,My AudioBook,3002,Audio-book,https://www.youtube.com/watch?v=d6kh4jXGLCY
UCF7USNwvrBhFCXsohC_U9ag,-r-poWItlzQ,My AudioBook,3867,Audio-book,https://www.youtube.com/watch?v=-r-poWItlzQ
UCF7USNwvrBhFCXsohC_U9ag,sKyU9p22k_g,My AudioBook,3080,Audio-book,https://www.youtube.com/watch?v=sKyU9p22k_g
UCF7USNwvrBhFCXsohC_U9ag,gb7fNeD4q5U,My AudioBook,3204,Audio-book,https://www.youtube.com/watch?v=gb7fNeD4q5U
UCF7USNwvrBhFCXsohC_U9ag,UTOKw75FgTE,My AudioBook,4375,Audio-book,https://www.youtube.com/watch?v=UTOKw75FgTE
UCF7USNwvrBhFCXsohC_U9ag,lsn9KSEFe6U,My AudioBook,2416,Audio-book,https://www.youtube.com/watch?v=lsn9KSEFe6U
UCF7USNwvrBhFCXsohC_U9ag,I2SeOeDd9z8,My AudioBook,3607,Audio-book,https://www.youtube.com/watch?v=I2SeOeDd9z8
UCF7USNwvrBhFCXsohC_U9ag,WF3avFQfH74,My AudioBook,3969,Audio-book,https://www.youtube.com/watch?v=WF3avFQfH74
UCF7USNwvrBhFCXsohC_U9ag,8arWmt8bfW8,My AudioBook,4364,Audio-book,https://www.youtube.com/watch?v=8arWmt8bfW8
UCF7USNwvrBhFCXsohC_U9ag,r4M-pwr8z7Y,My AudioBook,2597,Audio-book,https://www.youtube.com/watch?v=r4M-pwr8z7Y
UCF7USNwvrBhFCXsohC_U9ag,_qaNCCBbGFw,My AudioBook,3522,Audio-book,https://www.youtube.com/watch?v=_qaNCCBbGFw
UCF7USNwvrBhFCXsohC_U9ag,nzr0qqh5MJQ,My AudioBook,3118,Audio-book,https://www.youtube.com/watch?v=nzr0qqh5MJQ
UCF7USNwvrBhFCXsohC_U9ag,7M631XTc8mA,My AudioBook,3211,Audio-book,https://www.youtube.com/watch?v=7M631XTc8mA
UCF7USNwvrBhFCXsohC_U9ag,VL3-u-s3xfQ,My AudioBook,2661,Audio-book,https://www.youtube.com/watch?v=VL3-u-s3xfQ
UCF7USNwvrBhFCXsohC_U9ag,NZzNYTWkmbQ,My AudioBook,3602,Audio-book,https://www.youtube.com/watch?v=NZzNYTWkmbQ
UCF7USNwvrBhFCXsohC_U9ag,aLwgxJJ4ocM,My AudioBook,2509,Audio-book,https://www.youtube.com/watch?v=aLwgxJJ4ocM
UCF7USNwvrBhFCXsohC_U9ag,xwJINhYvWC0,My AudioBook,2851,Audio-book,https://www.youtube.com/watch?v=xwJINhYvWC0
UCF7USNwvrBhFCXsohC_U9ag,32AmxcdSS04,My AudioBook,3871,Audio-book,https://www.youtube.com/watch?v=32AmxcdSS04
UCF7USNwvrBhFCXsohC_U9ag,7vlYJ75Ptvw,My AudioBook,3563,Audio-book,https://www.youtube.com/watch?v=7vlYJ75Ptvw
UCF7USNwvrBhFCXsohC_U9ag,CMFWak2C_-Q,My AudioBook,2855,Audio-book,https://www.youtube.com/watch?v=CMFWak2C_-Q
UCF7USNwvrBhFCXsohC_U9ag,eqo7poENQ6k,My AudioBook,4046,Audio-book,https://www.youtube.com/watch?v=eqo7poENQ6k
UCF7USNwvrBhFCXsohC_U9ag,jBb6-_tWgZc,My AudioBook,3100,Audio-book,https://www.youtube.com/watch?v=jBb6-_tWgZc
UCF7USNwvrBhFCXsohC_U9ag,_hLQf5J4y5o,My AudioBook,3118,Audio-book,https://www.youtube.com/watch?v=_hLQf5J4y5o
UCF7USNwvrBhFCXsohC_U9ag,HUZHqUhMDJk,My AudioBook,3373,Audio-book,https://www.youtube.com/watch?v=HUZHqUhMDJk
UCF7USNwvrBhFCXsohC_U9ag,JvtlbZDz2N8,My AudioBook,1848,Audio-book,https://www.youtube.com/watch?v=JvtlbZDz2N8
UCF7USNwvrBhFCXsohC_U9ag,5AJmjKSIzaM,My AudioBook,4253,Audio-book,https://www.youtube.com/watch?v=5AJmjKSIzaM
UCF7USNwvrBhFCXsohC_U9ag,N10EN-cP90U,My AudioBook,2630,Audio-book,https://www.youtube.com/watch?v=N10EN-cP90U
UCF7USNwvrBhFCXsohC_U9ag,O2ua5G3-oLg,My AudioBook,2682,Audio-book,https://www.youtube.com/watch?v=O2ua5G3-oLg
UCF7USNwvrBhFCXsohC_U9ag,RjDHqC4CBMk,My AudioBook,2835,Audio-book,https://www.youtube.com/watch?v=RjDHqC4CBMk
UCF7USNwvrBhFCXsohC_U9ag,ASqffxE7S-g,My AudioBook,1970,Audio-book,https://www.youtube.com/watch?v=ASqffxE7S-g
UCF7USNwvrBhFCXsohC_U9ag,y9AmovbqjlI,My AudioBook,2953,Audio-book,https://www.youtube.com/watch?v=y9AmovbqjlI
UCF7USNwvrBhFCXsohC_U9ag,LlduwuEkjxo,My AudioBook,1818,Audio-book,https://www.youtube.com/watch?v=LlduwuEkjxo
UCF7USNwvrBhFCXsohC_U9ag,lqY0p4qqmi4,My AudioBook,2578,Audio-book,https://www.youtube.com/watch?v=lqY0p4qqmi4
UCF7USNwvrBhFCXsohC_U9ag,KnYfHzVHGh8,My AudioBook,4902,Audio-book,https://www.youtube.com/watch?v=KnYfHzVHGh8
UCF7USNwvrBhFCXsohC_U9ag,0B3dFYrqJs0,My AudioBook,2823,Audio-book,https://www.youtube.com/watch?v=0B3dFYrqJs0
UCF7USNwvrBhFCXsohC_U9ag,comFUgw7MIg,My AudioBook,5227,Audio-book,https://www.youtube.com/watch?v=comFUgw7MIg
UCF7USNwvrBhFCXsohC_U9ag,7KxEIextfvs,My AudioBook,1615,Audio-book,https://www.youtube.com/watch?v=7KxEIextfvs
UCF7USNwvrBhFCXsohC_U9ag,w_62vd6ucfc,My AudioBook,2883,Audio-book,https://www.youtube.com/watch?v=w_62vd6ucfc
UCF7USNwvrBhFCXsohC_U9ag,SOIcgFJ7QIw,My AudioBook,3519,Audio-book,https://www.youtube.com/watch?v=SOIcgFJ7QIw
UCF7USNwvrBhFCXsohC_U9ag,Of1L2l7Bgsg,My AudioBook,2619,Audio-book,https://www.youtube.com/watch?v=Of1L2l7Bgsg
UCF7USNwvrBhFCXsohC_U9ag,Q9ER3CQF9D0,My AudioBook,2699,Audio-book,https://www.youtube.com/watch?v=Q9ER3CQF9D0
UCF7USNwvrBhFCXsohC_U9ag,HYbGTa9svyQ,My AudioBook,3846,Audio-book,https://www.youtube.com/watch?v=HYbGTa9svyQ
UCF7USNwvrBhFCXsohC_U9ag,zbqxqC_SpUc,My AudioBook,2473,Audio-book,https://www.youtube.com/watch?v=zbqxqC_SpUc
UCF7USNwvrBhFCXsohC_U9ag,6_JXdgQUOsE,My AudioBook,4691,Audio-book,https://www.youtube.com/watch?v=6_JXdgQUOsE
UCF7USNwvrBhFCXsohC_U9ag,aIrTDFuuhvE,My AudioBook,2527,Audio-book,https://www.youtube.com/watch?v=aIrTDFuuhvE
UCF7USNwvrBhFCXsohC_U9ag,FqREGd11uNE,My AudioBook,3302,Audio-book,https://www.youtube.com/watch?v=FqREGd11uNE
UCF7USNwvrBhFCXsohC_U9ag,THRQ-U2Z8-s,My AudioBook,2965,Audio-book,https://www.youtube.com/watch?v=THRQ-U2Z8-s
UCF7USNwvrBhFCXsohC_U9ag,cwJv5VsmrhU,My AudioBook,3316,Audio-book,https://www.youtube.com/watch?v=cwJv5VsmrhU
UCF7USNwvrBhFCXsohC_U9ag,KUKNzUgvaM4,My AudioBook,2283,Audio-book,https://www.youtube.com/watch?v=KUKNzUgvaM4
UCF7USNwvrBhFCXsohC_U9ag,l4GzbgGgtlg,My AudioBook,2496,Audio-book,https://www.youtube.com/watch?v=l4GzbgGgtlg
UCF7USNwvrBhFCXsohC_U9ag,eYdbWs4nMT8,My AudioBook,1459,Audio-book,https://www.youtube.com/watch?v=eYdbWs4nMT8
UCF7USNwvrBhFCXsohC_U9ag,6IoOcn2QVhU,My AudioBook,3370,Audio-book,https://www.youtube.com/watch?v=6IoOcn2QVhU
UCF7USNwvrBhFCXsohC_U9ag,2VqsmsV1gTU,My AudioBook,2910,Audio-book,https://www.youtube.com/watch?v=2VqsmsV1gTU
UCF7USNwvrBhFCXsohC_U9ag,5583g8ae4Ys,My AudioBook,2632,Audio-book,https://www.youtube.com/watch?v=5583g8ae4Ys
UCF7USNwvrBhFCXsohC_U9ag,avpKXMrxwqo,My AudioBook,3720,Audio-book,https://www.youtube.com/watch?v=avpKXMrxwqo
UCF7USNwvrBhFCXsohC_U9ag,pp7AA8vX-Lk,My AudioBook,3642,Audio-book,https://www.youtube.com/watch?v=pp7AA8vX-Lk
UCF7USNwvrBhFCXsohC_U9ag,aEEEzy9r4EQ,My AudioBook,2461,Audio-book,https://www.youtube.com/watch?v=aEEEzy9r4EQ
UCF7USNwvrBhFCXsohC_U9ag,s4nc34D2VG4,My AudioBook,3553,Audio-book,https://www.youtube.com/watch?v=s4nc34D2VG4
UCF7USNwvrBhFCXsohC_U9ag,lIZLUqf3wRo,My AudioBook,2823,Audio-book,https://www.youtube.com/watch?v=lIZLUqf3wRo
UCF7USNwvrBhFCXsohC_U9ag,dSdYFRUpQVY,My AudioBook,3118,Audio-book,https://www.youtube.com/watch?v=dSdYFRUpQVY
UCF7USNwvrBhFCXsohC_U9ag,lyALAxN3EwE,My AudioBook,3496,Audio-book,https://www.youtube.com/watch?v=lyALAxN3EwE
UCF7USNwvrBhFCXsohC_U9ag,UwCnTJhdHho,My AudioBook,3002,Audio-book,https://www.youtube.com/watch?v=UwCnTJhdHho
UCF7USNwvrBhFCXsohC_U9ag,hdJseyhFkHI,My AudioBook,4010,Audio-book,https://www.youtube.com/watch?v=hdJseyhFkHI
UCF7USNwvrBhFCXsohC_U9ag,QE8Xyp-KATk,My AudioBook,4222,Audio-book,https://www.youtube.com/watch?v=QE8Xyp-KATk
UCF7USNwvrBhFCXsohC_U9ag,zqzFP_4JGYM,My AudioBook,2727,Audio-book,https://www.youtube.com/watch?v=zqzFP_4JGYM
UCF7USNwvrBhFCXsohC_U9ag,-qcVPXFJfec,My AudioBook,3311,Audio-book,https://www.youtube.com/watch?v=-qcVPXFJfec
UCF7USNwvrBhFCXsohC_U9ag,xIoMwPmh488,My AudioBook,3590,Audio-book,https://www.youtube.com/watch?v=xIoMwPmh488
UCF7USNwvrBhFCXsohC_U9ag,3H74OcKroFc,My AudioBook,3967,Audio-book,https://www.youtube.com/watch?v=3H74OcKroFc
UCF7USNwvrBhFCXsohC_U9ag,MVyVp4DGtPo,My AudioBook,4028,Audio-book,https://www.youtube.com/watch?v=MVyVp4DGtPo
UCF7USNwvrBhFCXsohC_U9ag,RZs_ab4goI0,My AudioBook,3219,Audio-book,https://www.youtube.com/watch?v=RZs_ab4goI0
UCF7USNwvrBhFCXsohC_U9ag,9w35wcctxOg,My AudioBook,3408,Audio-book,https://www.youtube.com/watch?v=9w35wcctxOg
UCF7USNwvrBhFCXsohC_U9ag,-j2lg5MUdJU,My AudioBook,2541,Audio-book,https://www.youtube.com/watch?v=-j2lg5MUdJU
UCF7USNwvrBhFCXsohC_U9ag,6fpwTudT17g,My AudioBook,3006,Audio-book,https://www.youtube.com/watch?v=6fpwTudT17g
UCF7USNwvrBhFCXsohC_U9ag,tRHoziupWP0,My AudioBook,3605,Audio-book,https://www.youtube.com/watch?v=tRHoziupWP0
UCF7USNwvrBhFCXsohC_U9ag,euxk-GqLOhE,My AudioBook,3682,Audio-book,https://www.youtube.com/watch?v=euxk-GqLOhE
UCF7USNwvrBhFCXsohC_U9ag,FBb8_G8W9bQ,My AudioBook,2675,Audio-book,https://www.youtube.com/watch?v=FBb8_G8W9bQ
UCF7USNwvrBhFCXsohC_U9ag,nZ-4WZx-74U,My AudioBook,4764,Audio-book,https://www.youtube.com/watch?v=nZ-4WZx-74U
UCF7USNwvrBhFCXsohC_U9ag,p_n7B1YeQJE,My AudioBook,3842,Audio-book,https://www.youtube.com/watch?v=p_n7B1YeQJE
UCF7USNwvrBhFCXsohC_U9ag,LF8Ql_zrqPc,My AudioBook,2794,Audio-book,https://www.youtube.com/watch?v=LF8Ql_zrqPc
UCF7USNwvrBhFCXsohC_U9ag,90sT6YA6mxM,My AudioBook,3126,Audio-book,https://www.youtube.com/watch?v=90sT6YA6mxM
UCF7USNwvrBhFCXsohC_U9ag,4XIawZU4qSg,My AudioBook,3656,Audio-book,https://www.youtube.com/watch?v=4XIawZU4qSg
UCF7USNwvrBhFCXsohC_U9ag,6QQCuLgcqDo,My AudioBook,2628,Audio-book,https://www.youtube.com/watch?v=6QQCuLgcqDo
UCF7USNwvrBhFCXsohC_U9ag,1WQFqf5T-T4,My AudioBook,3813,Audio-book,https://www.youtube.com/watch?v=1WQFqf5T-T4
UCF7USNwvrBhFCXsohC_U9ag,qaZ_Qvj9R4M,My AudioBook,3409,Audio-book,https://www.youtube.com/watch?v=qaZ_Qvj9R4M
UCF7USNwvrBhFCXsohC_U9ag,EaxDuLB_FrQ,My AudioBook,2880,Audio-book,https://www.youtube.com/watch?v=EaxDuLB_FrQ
UCF7USNwvrBhFCXsohC_U9ag,G6ES3DrzlAg,My AudioBook,3533,Audio-book,https://www.youtube.com/watch?v=G6ES3DrzlAg
UCF7USNwvrBhFCXsohC_U9ag,EFO5ehEibuc,My AudioBook,4015,Audio-book,https://www.youtube.com/watch?v=EFO5ehEibuc
UCF7USNwvrBhFCXsohC_U9ag,_33NmfIfoj4,My AudioBook,4636,Audio-book,https://www.youtube.com/watch?v=_33NmfIfoj4
UCF7USNwvrBhFCXsohC_U9ag,atZWghA1Wns,My AudioBook,4337,Audio-book,https://www.youtube.com/watch?v=atZWghA1Wns
UCF7USNwvrBhFCXsohC_U9ag,-6VEn1be2b0,My AudioBook,2494,Audio-book,https://www.youtube.com/watch?v=-6VEn1be2b0
UCF7USNwvrBhFCXsohC_U9ag,VRNoO8B83L0,My AudioBook,3027,Audio-book,https://www.youtube.com/watch?v=VRNoO8B83L0
UCF7USNwvrBhFCXsohC_U9ag,2Z5BFc_p8Nc,My AudioBook,2717,Audio-book,https://www.youtube.com/watch?v=2Z5BFc_p8Nc
UCF7USNwvrBhFCXsohC_U9ag,FIzzzbxCads,My AudioBook,4417,Audio-book,https://www.youtube.com/watch?v=FIzzzbxCads
UCF7USNwvrBhFCXsohC_U9ag,OCegU0VhqaA,My AudioBook,3809,Audio-book,https://www.youtube.com/watch?v=OCegU0VhqaA
UCF7USNwvrBhFCXsohC_U9ag,kPYiR3O-N5o,My AudioBook,2747,Audio-book,https://www.youtube.com/watch?v=kPYiR3O-N5o
UCF7USNwvrBhFCXsohC_U9ag,E2FZ_DUY2LA,My AudioBook,4117,Audio-book,https://www.youtube.com/watch?v=E2FZ_DUY2LA
UCF7USNwvrBhFCXsohC_U9ag,LOqJ7UNIWAM,My AudioBook,3575,Audio-book,https://www.youtube.com/watch?v=LOqJ7UNIWAM
UCF7USNwvrBhFCXsohC_U9ag,7x5Y-x2Xkac,My AudioBook,3673,Audio-book,https://www.youtube.com/watch?v=7x5Y-x2Xkac
UCF7USNwvrBhFCXsohC_U9ag,AFaaq2j4JVI,My AudioBook,3051,Audio-book,https://www.youtube.com/watch?v=AFaaq2j4JVI
UCrOUqyU99P-HZOS6bSCd96g,B5hbaTGbyUk,AudioKothon with RAJIA,3088,Audio-book,https://www.youtube.com/watch?v=B5hbaTGbyUk
UCrOUqyU99P-HZOS6bSCd96g,e6T3a4tEvB8,AudioKothon with RAJIA,3153,Audio-book,https://www.youtube.com/watch?v=e6T3a4tEvB8
UCrOUqyU99P-HZOS6bSCd96g,mG7ByReadRE,AudioKothon with RAJIA,4671,Audio-book,https://www.youtube.com/watch?v=mG7ByReadRE
UCrOUqyU99P-HZOS6bSCd96g,U210Vg7ikiA,AudioKothon with RAJIA,3210,Audio-book,https://www.youtube.com/watch?v=U210Vg7ikiA
UCrOUqyU99P-HZOS6bSCd96g,IKeUBaHFX9k,AudioKothon with RAJIA,4088,Audio-book,https://www.youtube.com/watch?v=IKeUBaHFX9k
UCrOUqyU99P-HZOS6bSCd96g,lM7CXSyknEI,AudioKothon with RAJIA,3001,Audio-book,https://www.youtube.com/watch?v=lM7CXSyknEI
UCrOUqyU99P-HZOS6bSCd96g,dTc8PKo0MZY,AudioKothon with RAJIA,3170,Audio-book,https://www.youtube.com/watch?v=dTc8PKo0MZY
UCrOUqyU99P-HZOS6bSCd96g,g7mH0bqlFms,AudioKothon with RAJIA,3777,Audio-book,https://www.youtube.com/watch?v=g7mH0bqlFms
UCrOUqyU99P-HZOS6bSCd96g,I1zFxRTNdhU,AudioKothon with RAJIA,4509,Audio-book,https://www.youtube.com/watch?v=I1zFxRTNdhU
UCrOUqyU99P-HZOS6bSCd96g,NczfOOsYl48,AudioKothon with RAJIA,3202,Audio-book,https://www.youtube.com/watch?v=NczfOOsYl48
UCrOUqyU99P-HZOS6bSCd96g,QP9Yw_jjOGQ,AudioKothon with RAJIA,2604,Audio-book,https://www.youtube.com/watch?v=QP9Yw_jjOGQ
UCrOUqyU99P-HZOS6bSCd96g,kD64SxX3UhA,AudioKothon with RAJIA,2738,Audio-book,https://www.youtube.com/watch?v=kD64SxX3UhA
UCrOUqyU99P-HZOS6bSCd96g,eWsaNxD4R7s,AudioKothon with RAJIA,3431,Audio-book,https://www.youtube.com/watch?v=eWsaNxD4R7s
UCrOUqyU99P-HZOS6bSCd96g,z5khvHT6reI,AudioKothon with RAJIA,4105,Audio-book,https://www.youtube.com/watch?v=z5khvHT6reI
UCrOUqyU99P-HZOS6bSCd96g,jzS_2zItbAI,AudioKothon with RAJIA,2906,Audio-book,https://www.youtube.com/watch?v=jzS_2zItbAI
UCrOUqyU99P-HZOS6bSCd96g,bJPfIlUmpEE,AudioKothon with RAJIA,3582,Audio-book,https://www.youtube.com/watch?v=bJPfIlUmpEE
UCrOUqyU99P-HZOS6bSCd96g,svhpW9_mWIM,AudioKothon with RAJIA,4638,Audio-book,https://www.youtube.com/watch?v=svhpW9_mWIM
UCrOUqyU99P-HZOS6bSCd96g,Zs1-cNPKfAM,AudioKothon with RAJIA,2370,Audio-book,https://www.youtube.com/watch?v=Zs1-cNPKfAM
UCrOUqyU99P-HZOS6bSCd96g,8Cn2pVNuB5o,AudioKothon with RAJIA,3901,Audio-book,https://www.youtube.com/watch?v=8Cn2pVNuB5o
UCrOUqyU99P-HZOS6bSCd96g,w1OUJO0dBik,AudioKothon with RAJIA,2132,Audio-book,https://www.youtube.com/watch?v=w1OUJO0dBik
UCrOUqyU99P-HZOS6bSCd96g,EYZ6DjJv1XA,AudioKothon with RAJIA,1369,Audio-book,https://www.youtube.com/watch?v=EYZ6DjJv1XA
UCrOUqyU99P-HZOS6bSCd96g,B3OUCFh39rI,AudioKothon with RAJIA,4028,Audio-book,https://www.youtube.com/watch?v=B3OUCFh39rI
UCrOUqyU99P-HZOS6bSCd96g,Qm6iLfOrxlM,AudioKothon with RAJIA,5080,Audio-book,https://www.youtube.com/watch?v=Qm6iLfOrxlM
UCrOUqyU99P-HZOS6bSCd96g,sI7ELrx972o,AudioKothon with RAJIA,3717,Audio-book,https://www.youtube.com/watch?v=sI7ELrx972o
UCrOUqyU99P-HZOS6bSCd96g,WvEWy5-Gvxo,AudioKothon with RAJIA,2802,Audio-book,https://www.youtube.com/watch?v=WvEWy5-Gvxo
UCrOUqyU99P-HZOS6bSCd96g,A9lWEPQgWkU,AudioKothon with RAJIA,2725,Audio-book,https://www.youtube.com/watch?v=A9lWEPQgWkU
UCrOUqyU99P-HZOS6bSCd96g,YWSPE77nPxE,AudioKothon with RAJIA,5262,Audio-book,https://www.youtube.com/watch?v=YWSPE77nPxE
UCrOUqyU99P-HZOS6bSCd96g,y5QUfs6sG4c,AudioKothon with RAJIA,3396,Audio-book,https://www.youtube.com/watch?v=y5QUfs6sG4c
UCrOUqyU99P-HZOS6bSCd96g,NDANYlFNXdY,AudioKothon with RAJIA,2241,Audio-book,https://www.youtube.com/watch?v=NDANYlFNXdY
UCrOUqyU99P-HZOS6bSCd96g,4pJpdQjXgeQ,AudioKothon with RAJIA,2011,Audio-book,https://www.youtube.com/watch?v=4pJpdQjXgeQ
UCrOUqyU99P-HZOS6bSCd96g,dahah8a05Ek,AudioKothon with RAJIA,3807,Audio-book,https://www.youtube.com/watch?v=dahah8a05Ek
UCrOUqyU99P-HZOS6bSCd96g,jjcdB0o0hfI,AudioKothon with RAJIA,1641,Audio-book,https://www.youtube.com/watch?v=jjcdB0o0hfI
UCrOUqyU99P-HZOS6bSCd96g,txqZxUoYFdk,AudioKothon with RAJIA,3299,Audio-book,https://www.youtube.com/watch?v=txqZxUoYFdk
UCrOUqyU99P-HZOS6bSCd96g,tzXT6hBVzSo,AudioKothon with RAJIA,3072,Audio-book,https://www.youtube.com/watch?v=tzXT6hBVzSo
UCrOUqyU99P-HZOS6bSCd96g,ju9DE5U_WlE,AudioKothon with RAJIA,3894,Audio-book,https://www.youtube.com/watch?v=ju9DE5U_WlE
UCrOUqyU99P-HZOS6bSCd96g,k60nYnDN7Us,AudioKothon with RAJIA,3786,Audio-book,https://www.youtube.com/watch?v=k60nYnDN7Us
UCrOUqyU99P-HZOS6bSCd96g,QHnhy7hqav8,AudioKothon with RAJIA,2560,Audio-book,https://www.youtube.com/watch?v=QHnhy7hqav8
UCrOUqyU99P-HZOS6bSCd96g,bN-VRlYiT9Q,AudioKothon with RAJIA,3591,Audio-book,https://www.youtube.com/watch?v=bN-VRlYiT9Q
UCrOUqyU99P-HZOS6bSCd96g,HPdVDQ6bIko,AudioKothon with RAJIA,3986,Audio-book,https://www.youtube.com/watch?v=HPdVDQ6bIko
UCrOUqyU99P-HZOS6bSCd96g,7_hXRo-QUz8,AudioKothon with RAJIA,4721,Audio-book,https://www.youtube.com/watch?v=7_hXRo-QUz8
UCrOUqyU99P-HZOS6bSCd96g,R5pUo_Sn17c,AudioKothon with RAJIA,2237,Audio-book,https://www.youtube.com/watch?v=R5pUo_Sn17c
UCrOUqyU99P-HZOS6bSCd96g,TPEVzjs3jDs,AudioKothon with RAJIA,2328,Audio-book,https://www.youtube.com/watch?v=TPEVzjs3jDs
UCrOUqyU99P-HZOS6bSCd96g,KZ9mnywCD4I,AudioKothon with RAJIA,3415,Audio-book,https://www.youtube.com/watch?v=KZ9mnywCD4I
UCrOUqyU99P-HZOS6bSCd96g,_9C4_exQKqU,AudioKothon with RAJIA,1568,Audio-book,https://www.youtube.com/watch?v=_9C4_exQKqU
UCrOUqyU99P-HZOS6bSCd96g,muzjGaPXlqI,AudioKothon with RAJIA,2718,Audio-book,https://www.youtube.com/watch?v=muzjGaPXlqI
UCrOUqyU99P-HZOS6bSCd96g,5ecKspytb7M,AudioKothon with RAJIA,2893,Audio-book,https://www.youtube.com/watch?v=5ecKspytb7M
UCrOUqyU99P-HZOS6bSCd96g,Zsh7gpn9JfE,AudioKothon with RAJIA,2909,Audio-book,https://www.youtube.com/watch?v=Zsh7gpn9JfE
UCrOUqyU99P-HZOS6bSCd96g,OyuDCP2BOVE,AudioKothon with RAJIA,3747,Audio-book,https://www.youtube.com/watch?v=OyuDCP2BOVE
UCrOUqyU99P-HZOS6bSCd96g,ECylBvFAb64,AudioKothon with RAJIA,2974,Audio-book,https://www.youtube.com/watch?v=ECylBvFAb64
UCrOUqyU99P-HZOS6bSCd96g,fraT_St5U-U,AudioKothon with RAJIA,2580,Audio-book,https://www.youtube.com/watch?v=fraT_St5U-U
UCrOUqyU99P-HZOS6bSCd96g,7QUxw6B9kYI,AudioKothon with RAJIA,3419,Audio-book,https://www.youtube.com/watch?v=7QUxw6B9kYI
UCrOUqyU99P-HZOS6bSCd96g,9e8ya09wK8Y,AudioKothon with RAJIA,3706,Audio-book,https://www.youtube.com/watch?v=9e8ya09wK8Y
